<?xml version="1.0" encoding="utf-8"?>
<addon id="skin.JX720.xbox" version="1.0.1" name="JX 720 4Xbox" provider-name="xbs">
  <requires>
    <import addon="xbmc.gui" version="1.0.0" />
  </requires>
  <extension point="xbmc.gui.skin" defaultresolution="720p" defaultresolutionwide="720p" defaultthemename="Textures.xpr" effectslowdown="1" debugging="false" />
  <extension point="xbmc.addon.metadata">
    <summary></summary>
    <description></description>
    <platform>xbox</platform>
  </extension>
</addon>