<?xml version="1.0" encoding="UTF-8" standalone="yes"?>
<addon id="repository.xboxskins" version="1.0" name="XBMC4Xbox Skins Repository" provider-name="whufclee">
	<extension point="xbmc.addon.repository" name="XBMC4Xbox Skins Repository">
		<info compressed="false">https://github.com/totalxbmc/xboxskins/raw/master/zips/addons.xml</info>
		<checksum>https://github.com/totalxbmc/xboxskins/raw/master/zips/addons.xml.md5</checksum>
		<datadir zip="true">https://github.com/totalxbmc/xboxskins/raw/master/zips</datadir>
	</extension>
	<extension point="xbmc.addon.metadata">
		<summary>XBMC4Xbox skins</summary>
		<description>Keeping the XBMC4Xbox scene alive! Here you'll find a collection of xbox skins, some from yesteryear that have been forgotten about but we are looking to resurrect them.</description>
		<platform>xbox</platform>
	</extension>
</addon>