<includes>
<!-- Backgrounds -->
	<include name="CommonVideoVizBackground">
		<control type="videowindow">
			<posx>0</posx>
			<posy>0</posy>
			<width>1280</width>
			<height>720</height>
			<visible>Player.HasVideo + !Skin.HasSetting(Back_Video)</visible>
		</control>
		<control type="visualisation">
			<posx>0</posx>
			<posy>0</posy>
			<width>1280</width>
			<height>720</height>
			<visible>Player.HasAudio + !Skin.HasSetting(Back_Vis)</visible>
		</control>
		<control type="image">
			<description>Background Fanart</description>
			<posx>0</posx>
			<posy>0</posy>
			<width>1280</width>
			<height>720</height>
			<texture background="true">$INFO[ListItem.Property(Fanart_Image)]</texture>
			<visible>!Skin.HasSetting(Back_Fanart) + ![Player.HasVideo + !Skin.HasSetting(Back_Video)] + ![Player.HasAudio + !Skin.HasSetting(Back_Vis)]</visible>
			<fadetime>FanartCrossfadeTime</fadetime>
			<animation effect="fade" start="0" end="100" time="300" delay="400">WindowOpen</animation>
			<animation effect="fade" start="100" end="0" time="HomeBladeAnimationSpeed">WindowClose</animation>
		</control>
	</include>
	<include name="RainDropAnimationBackground">
		<control type="group">
			<visible>!Skin.HasSetting(HideRainDrops)</visible>
			<visible>[!Skin.HasSetting(Back_Fanart) + IsEmpty(ListItem.Property(Fanart_Image))] + ![Player.HasVideo + !Skin.HasSetting(Back_Video)] + ![Player.HasAudio + !Skin.HasSetting(Back_Vis)]</visible>
			<include>VisibleFadeEffect</include>
			<control type="image">
				<description>Raindrop 5 animation</description>
				<posx>200</posx>
				<posy>150</posy>
				<width>128</width>
				<height>128</height>
				<texture background="true">rain-drop.png</texture>
				<visible>true</visible>
				<colordiffuse>BBFFFFFF</colordiffuse>
				<animation type="conditional" reversible="false" loop="true" condition="true">
					<effect type="fade" delay="2000" start="0" end="100" time="200"/>
					<effect type="fade" delay="2500" start="100" end="0" time="500"/>
					<effect type="zoom" delay="2000" start="30" end="500" time="1000" center="auto" tween="quadratic"/>
				</animation>
			</control>
			<control type="image">
				<description>Raindrop 1 animation</description>
				<posx>550</posx>
				<posy>200</posy>
				<width>128</width>
				<height>128</height>
				<texture background="true">rain-drop.png</texture>
				<visible>true</visible>
				<colordiffuse>55FFFFFF</colordiffuse>
				<animation type="conditional" reversible="false" loop="true" condition="true">
					<effect type="fade" start="0" end="100" time="200"/>
					<effect type="fade" start="100" end="0" delay="2500" time="1000"/>
					<effect type="zoom" center="auto" start="30" end="1500" delay="0" time="3500" tween="quadratic"/>
				</animation>
			</control>
			<control type="image">
				<description>Raindrop 2 animation</description>
				<posx>900</posx>
				<posy>130</posy>
				<width>128</width>
				<height>128</height>
				<texture background="true">rain-drop.png</texture>
				<visible>true</visible>
				<animation type="conditional" reversible="false" loop="true" condition="true">
					<effect type="fade" delay="400" start="0" end="100" time="200"/>
					<effect type="fade" delay="1000" start="100" end="0" time="1600"/>
					<effect type="zoom" delay="400" start="30" end="700" time="3000" center="auto" tween="quadratic"/>
				</animation>
			</control>
			<control type="image">
				<description>Raindrop 3 animation</description>
				<posx>800</posx>
				<posy>500</posy>
				<width>128</width>
				<height>128</height>
				<texture background="true">rain-drop.png</texture>
				<visible>true</visible>
				<colordiffuse>88FFFFFF</colordiffuse>
				<animation type="conditional" reversible="false" loop="true" condition="true">
					<effect type="fade" delay="800" start="0" end="100" time="200"/>
					<effect type="fade" delay="2400" start="100" end="0" time="2000"/>
					<effect type="zoom" delay="800" start="30" end="1000" time="2500" center="auto" tween="quadratic"/>
				</animation>
			</control>
			<control type="image">
				<description>Raindrop 4 animation</description>
				<posx>200</posx>
				<posy>450</posy>
				<width>128</width>
				<height>128</height>
				<texture background="true">rain-drop.png</texture>
				<visible>true</visible>
				<colordiffuse>66FFFFFF</colordiffuse>
				<animation type="conditional" reversible="false" loop="true" condition="true">
					<effect type="fade" delay="1500" start="0" end="100" time="200"/>
					<effect type="fade" delay="2100" start="100" end="0" time="400"/>
					<effect type="zoom" delay="1500" start="30" end="1200" time="2000" center="auto" tween="quadratic"/>
				</animation>
			</control>
		</control>
	</include>
	<include name="CommonWeatherBackground">
		<control type="image">
			<description>Background Weather</description>
			<posx>0</posx>
			<posy>0</posy>
			<width>1280</width>
			<height>720</height>
			<texture background="true" fallback="special://skin/backgrounds/weather.png">$INFO[Skin.String(Background_Weather)]</texture>
			<animation effect="fade" start="100" end="60" time="200" condition="[!IsEmpty(ListItem.Property(Fanart_Image)) + !Skin.HasSetting(Back_Fanart)] | [Player.HasVideo + !Skin.HasSetting(Back_Video)] | [Player.HasAudio + !Skin.HasSetting(Back_Vis)]">Conditional</animation>
		</control>
		<include>RainDropAnimationBackground</include>
	</include>
	<include name="CommonAppsBackground">
		<control type="image">
			<description>Background Apps</description>
			<posx>0</posx>
			<posy>0</posy>
			<width>1280</width>
			<height>720</height>
			<texture background="true" fallback="special://skin/backgrounds/apps.png">$INFO[Skin.String(Background_Apps)]</texture>
			<animation effect="fade" start="100" end="60" time="200" condition="[!IsEmpty(ListItem.Property(Fanart_Image)) + !Skin.HasSetting(Back_Fanart)] | [Player.HasVideo + !Skin.HasSetting(Back_Video)] | [Player.HasAudio + !Skin.HasSetting(Back_Vis)]">Conditional</animation>
		</control>
		<include>RainDropAnimationBackground</include>
	</include>
	<include name="CommonMediaBackground">
		<control type="image">
			<description>Background Media</description>
			<posx>0</posx>
			<posy>0</posy>
			<width>1280</width>
			<height>720</height>
			<texture background="true" fallback="special://skin/backgrounds/media.png">$INFO[Skin.String(Background_Media)]</texture>
			<animation effect="fade" start="100" end="60" time="200" condition="[!IsEmpty(ListItem.Property(Fanart_Image)) + !Skin.HasSetting(Back_Fanart)] | [Player.HasVideo + !Skin.HasSetting(Back_Video)] | [Player.HasAudio + !Skin.HasSetting(Back_Vis)]">Conditional</animation>
		</control>
		<include>RainDropAnimationBackground</include>
	</include>
	<include name="CommonSystemBackground">
		<control type="image">
			<description>Background System</description>
			<posx>0</posx>
			<posy>0</posy>
			<width>1280</width>
			<height>720</height>
			<texture background="true" fallback="special://skin/backgrounds/system.png">$INFO[Skin.String(Background_System)]</texture>
			<animation effect="fade" start="100" end="60" time="200" condition="[!IsEmpty(ListItem.Property(Fanart_Image)) + !Skin.HasSetting(Back_Fanart)] | [Player.HasVideo + !Skin.HasSetting(Back_Video)] | [Player.HasAudio + !Skin.HasSetting(Back_Vis)]">Conditional</animation>
		</control>
		<include>RainDropAnimationBackground</include>
	</include>

<!-- Blackwash Backgrounds -->
	<include name="CommonWeatherBlackwash">
		<control type="image">
			<description>Background</description>
			<posx>55</posx>
			<posy>0</posy>
			<width>50</width>
			<height>720</height>
			<aspectratio>stretch</aspectratio>
			<texture>background-overlay-blackwash-left-ws.png</texture>
		</control>
		<control type="image">
			<description>Background</description>
			<posx>55r</posx>
			<posy>0</posy>
			<width>50</width>
			<height>720</height>
			<aspectratio>stretch</aspectratio>
			<texture>background-overlay-blackwash-right-ws.png</texture>
			<animation effect="slide" start="-150,0" end="0,0" time="HomeBladeAnimationSpeed" condition="Window.Previous(Weather)">WindowOpen</animation>
			<animation effect="slide" start="0,0" end="-150,0" time="HomeBladeAnimationSpeed" condition="Window.Next(Weather)">WindowClose</animation>
		</control>
		<control type="image">
			<description>Background</description>
			<posx>105</posx>
			<posy>0</posy>
			<width>1120</width>
			<height>720</height>
			<aspectratio>stretch</aspectratio>
			<texture>background-overlay-blackwash-centertile-ws.png</texture>
			<animation effect="zoom" start="105,0,970,720" end="105,0,1120,720" time="HomeBladeAnimationSpeed" condition="Window.Previous(Weather)">WindowOpen</animation>
			<animation effect="zoom" start="105,0,1120,720" end="105,0,970,720" time="HomeBladeAnimationSpeed" condition="Window.Next(Weather)">WindowClose</animation>
		</control>
	</include>
	<include name="CommonAppsBlackwash">
		<control type="image">
			<description>Background</description>
			<posx>55</posx>
			<posy>0</posy>
			<width>50</width>
			<height>720</height>
			<aspectratio>stretch</aspectratio>
			<texture>background-overlay-blackwash-left-ws.png</texture>
			<animation effect="slide" start="50,0" end="0,0" time="HomeBladeAnimationSpeed" condition="Window.Previous(1111)">WindowOpen</animation>
			<animation effect="slide" start="0,0" end="50,0" time="HomeBladeAnimationSpeed" condition="Window.Next(1111)">WindowClose</animation>
		</control>
		<control type="image">
			<description>Background</description>
			<posx>55r</posx>
			<posy>0</posy>
			<width>50</width>
			<height>720</height>
			<aspectratio>stretch</aspectratio>
			<texture>background-overlay-blackwash-right-ws.png</texture>
			<animation effect="slide" start="-100,0" end="0,0" time="HomeBladeAnimationSpeed" condition="Window.Previous(1111)">WindowOpen</animation>
			<animation effect="slide" start="0,0" end="-100,0" time="HomeBladeAnimationSpeed" condition="Window.Next(1111)">WindowClose</animation>
		</control>
		<control type="image">
			<description>Background</description>
			<posx>105</posx>
			<posy>0</posy>
			<width>1120</width>
			<height>720</height>
			<aspectratio>stretch</aspectratio>
			<texture>background-overlay-blackwash-centertile-ws.png</texture>
			<animation effect="zoom" start="155,0,970,720" end="105,0,1120,720" time="HomeBladeAnimationSpeed" condition="Window.Previous(1111)">WindowOpen</animation>
			<animation effect="zoom" start="105,0,1120,720" end="155,0,970,720" time="HomeBladeAnimationSpeed" condition="Window.Next(1111)">WindowClose</animation>
		</control>
	</include>
	<include name="CommonMediaBlackwash">
		<control type="image">
			<description>Background</description>
			<posx>55</posx>
			<posy>0</posy>
			<width>50</width>
			<height>720</height>
			<aspectratio>stretch</aspectratio>
			<texture>background-overlay-blackwash-left-ws.png</texture>
			<animation effect="slide" start="100,0" end="0,0" time="HomeBladeAnimationSpeed" condition="Window.Previous(Home)">WindowOpen</animation>
			<animation effect="slide" start="0,0" end="100,0" time="HomeBladeAnimationSpeed" condition="Window.Next(Home)">WindowClose</animation>
		</control>
		<control type="image">
			<description>Background</description>
			<posx>55r</posx>
			<posy>0</posy>
			<width>50</width>
			<height>720</height>
			<aspectratio>stretch</aspectratio>
			<texture>background-overlay-blackwash-right-ws.png</texture>
			<animation effect="slide" start="-50,0" end="0,0" time="HomeBladeAnimationSpeed" condition="Window.Previous(Home)">WindowOpen</animation>
			<animation effect="slide" start="0,0" end="-50,0" time="HomeBladeAnimationSpeed" condition="Window.Next(Home)">WindowClose</animation>
		</control>
		<control type="image">
			<description>Background</description>
			<posx>105</posx>
			<posy>0</posy>
			<width>1120</width>
			<height>720</height>
			<aspectratio>stretch</aspectratio>
			<texture>background-overlay-blackwash-centertile-ws.png</texture>
			<animation effect="zoom" start="205,0,970,720" end="105,0,1120,720" time="HomeBladeAnimationSpeed" condition="Window.Previous(Home)">WindowOpen</animation>
			<animation effect="zoom" start="105,0,1120,720" end="205,0,970,720" time="HomeBladeAnimationSpeed" condition="Window.Next(Home)">WindowClose</animation>
		</control>
	</include>
	<include name="CommonSystemBlackwash">
		<control type="image">
			<description>Background</description>
			<posx>55</posx>
			<posy>0</posy>
			<width>50</width>
			<height>720</height>
			<aspectratio>stretch</aspectratio>
			<texture>background-overlay-blackwash-left-ws.png</texture>
			<animation effect="slide" start="150,0" end="0,0" time="HomeBladeAnimationSpeed" condition="Window.Previous(Settings)">WindowOpen</animation>
			<animation effect="slide" start="0,0" end="150,0" time="HomeBladeAnimationSpeed" condition="Window.Next(Settings)">WindowClose</animation>
		</control>
		<control type="image">
			<description>Background</description>
			<posx>55r</posx>
			<posy>0</posy>
			<width>50</width>
			<height>720</height>
			<aspectratio>stretch</aspectratio>
			<texture>background-overlay-blackwash-right-ws.png</texture>
		</control>
		<control type="image">
			<description>Background</description>
			<posx>105</posx>
			<posy>0</posy>
			<width>1120</width>
			<height>720</height>
			<aspectratio>stretch</aspectratio>
			<texture>background-overlay-blackwash-centertile-ws.png</texture>
			<animation effect="zoom" start="255,0,970,720" end="105,0,1120,720" time="HomeBladeAnimationSpeed" condition="Window.Previous(Settings)">WindowOpen</animation>
			<animation effect="zoom" start="105,0,1120,720" end="255,0,970,720" time="HomeBladeAnimationSpeed" condition="Window.Next(Settings)">WindowClose</animation>
		</control>
	</include>

<!-- Sub Blade Animations -->
	<include name="WeatherToSubBlades">
		<!-- Left side -->
		<control type="image">
			<posx>-120</posx>
			<posy>-40</posy>
			<width>180</width>
			<height>800</height>
			<aspectratio>stretch</aspectratio>
			<texture>blades-runner-left1.png</texture>
		</control>
		<control type="image">
			<posx>0</posx>
			<posy>-40</posy>
			<width>115</width>
			<height>800</height>
			<aspectratio>stretch</aspectratio>
			<texture>blades-size4-header.png</texture>
		</control>
		<control type="label">
			<description>Weather Label</description>
			<label>31004</label>
			<posx>90</posx>
			<posy>170</posy>
			<font>font16</font>
			<textcolor>black</textcolor>
			<align>left</align>
			<aligny>middle</aligny>
			<angle>270</angle>
		</control>
		<!-- Right side -->
		<control type="image">
			<posx>55r</posx>
			<posy>-40</posy>
			<width>180</width>
			<height>800</height>
			<aspectratio>stretch</aspectratio>
			<texture>blades-runner-right.png</texture>
		</control>
		<control type="image">
			<posx>-35r</posx>
			<posy>-40</posy>
			<width>115</width>
			<height>800</height>
			<aspectratio>stretch</aspectratio>
			<texture>blades-size1-right-NF.png</texture>
			<animation type="WindowOpen" condition="Window.Previous(Weather)">
				<effect type="slide" start="-150,0" end="-160,0" time="100" />
				<effect type="slide" start="0,0" end="160,0" delay="100" time="HomeBladeAnimationSpeed" />
			</animation>
			<animation type="WindowClose" condition="Window.Next(Weather)">
				<effect type="slide" start="0,0" end="-160,0" time="100" />
				<effect type="slide" start="0,0" end="10,0" delay="100" time="HomeBladeAnimationSpeed" />
			</animation>
		</control>
		<control type="label">
			<description>System Label</description>
			<label>31003</label>
			<posx>-100r</posx>
			<posy>210</posy>
			<font>font16</font>
			<textcolor>black</textcolor>
			<align>left</align>
			<aligny>middle</aligny>
			<angle>270</angle>
			<animation type="WindowOpen" condition="Window.Previous(Weather)">
				<effect type="slide" start="-150,0" end="-160,0" time="100" />
				<effect type="slide" start="0,0" end="160,0" delay="100" time="HomeBladeAnimationSpeed" />
			</animation>
			<animation type="WindowClose" condition="Window.Next(Weather)">
				<effect type="slide" start="0,0" end="-160,0" time="100" />
				<effect type="slide" start="0,0" end="10,0" delay="100" time="HomeBladeAnimationSpeed" />
			</animation>
		</control>
		<control type="image">
			<posx>15r</posx>
			<posy>-40</posy>
			<width>115</width>
			<height>800</height>
			<aspectratio>stretch</aspectratio>
			<texture>blades-size2-right-NF.png</texture>
			<animation type="WindowOpen" condition="Window.Previous(Weather)">
				<effect type="slide" start="-150,0" end="-160,0" time="100" />
				<effect type="slide" start="0,0" end="160,0" delay="100" time="HomeBladeAnimationSpeed" />
			</animation>
			<animation type="WindowClose" condition="Window.Next(Weather)">
				<effect type="slide" start="0,0" end="-160,0" time="100" />
				<effect type="slide" start="0,0" end="10,0" delay="100" time="HomeBladeAnimationSpeed" />
			</animation>
		</control>
		<control type="label">
			<description>Media Label</description>
			<label>31001</label>
			<posx>-50r</posx>
			<posy>200</posy>
			<font>font16</font>
			<textcolor>black</textcolor>
			<align>left</align>
			<aligny>middle</aligny>
			<angle>270</angle>
			<animation type="WindowOpen" condition="Window.Previous(Weather)">
				<effect type="slide" start="-150,0" end="-160,0" time="100" />
				<effect type="slide" start="0,0" end="160,0" delay="100" time="HomeBladeAnimationSpeed" />
			</animation>
			<animation type="WindowClose" condition="Window.Next(Weather)">
				<effect type="slide" start="0,0" end="-160,0" time="100" />
				<effect type="slide" start="0,0" end="10,0" delay="100" time="HomeBladeAnimationSpeed" />
			</animation>
		</control>
		<control type="image">
			<posx>65r</posx>
			<posy>-40</posy>
			<width>115</width>
			<height>800</height>
			<aspectratio>stretch</aspectratio>
			<texture>blades-size3-right-NF.png</texture>
			<animation type="WindowOpen" condition="Window.Previous(Weather)">
				<effect type="slide" start="-150,0" end="-160,0" time="100" />
				<effect type="slide" start="0,0" end="160,0" delay="100" time="HomeBladeAnimationSpeed" />
			</animation>
			<animation type="WindowClose" condition="Window.Next(Weather)">
				<effect type="slide" start="0,0" end="-160,0" time="100" />
				<effect type="slide" start="0,0" end="10,0" delay="100" time="HomeBladeAnimationSpeed" />
			</animation>
		</control>
		<control type="label">
			<description>Apps Label</description>
			<label>31002</label>
			<posx>0r</posx>
			<posy>190</posy>
			<font>font16</font>
			<textcolor>black</textcolor>
			<align>left</align>
			<aligny>middle</aligny>
			<angle>270</angle>
			<animation type="WindowOpen" condition="Window.Previous(Weather)">
				<effect type="slide" start="-150,0" end="-160,0" time="100" />
				<effect type="slide" start="0,0" end="160,0" delay="100" time="HomeBladeAnimationSpeed" />
			</animation>
			<animation type="WindowClose" condition="Window.Next(Weather)">
				<effect type="slide" start="0,0" end="-160,0" time="100" />
				<effect type="slide" start="0,0" end="10,0" delay="100" time="HomeBladeAnimationSpeed" />
			</animation>
		</control>
		<control type="image">
			<posx>55r</posx>
			<posy>-40</posy>
			<width>180</width>
			<height>800</height>
			<aspectratio>stretch</aspectratio>
			<texture>blades-runner-right.png</texture>
			<animation effect="fade" start="100" end="0" time="100" delay="HomeBladeAnimationSpeed" condition="Window.Next(Weather)">WindowClose</animation>
		</control>
	</include>

	<include name="AppsToSubBlades">
		<!-- Left side -->
		<control type="image">
			<posx>-110</posx>
			<posy>-40</posy>
			<width>180</width>
			<height>800</height>
			<aspectratio>stretch</aspectratio>
			<texture>blades-runner-left.png</texture>
		</control>
		<control type="image">
			<posx>-50</posx>
			<posy>-40</posy>
			<width>115</width>
			<height>800</height>
			<aspectratio>stretch</aspectratio>
			<texture>blades-size3-left-NF.png</texture>
			<animation type="WindowOpen" condition="Window.Previous(1111)">
				<effect type="slide" start="50,0" end="60,0" time="100" />
				<effect type="slide" start="0,0" end="-60,0" delay="100" time="HomeBladeAnimationSpeed" />
			</animation>
			<animation type="WindowClose" condition="Window.Next(1111)">
				<effect type="slide" start="0,0" end="60,0" time="100" />
				<effect type="slide" start="0,0" end="-10,0" delay="100" time="HomeBladeAnimationSpeed" />
			</animation>
		</control>
		<control type="label">
			<description>weather Label</description>
			<label>31004</label>
			<posx>40</posx>
			<posy>190</posy>
			<font>font16</font>
			<textcolor>black</textcolor>
			<align>left</align>
			<aligny>middle</aligny>
			<angle>270</angle>
			<animation type="WindowOpen" condition="Window.Previous(1111)">
				<effect type="slide" start="50,0" end="60,0" time="100" />
				<effect type="slide" start="0,0" end="-60,0" delay="100" time="HomeBladeAnimationSpeed" />
			</animation>
			<animation type="WindowClose" condition="Window.Next(1111)">
				<effect type="slide" start="0,0" end="60,0" time="100" />
				<effect type="slide" start="0,0" end="-10,0" delay="100" time="HomeBladeAnimationSpeed" />
			</animation>
		</control>
		<control type="image">
			<posx>-120</posx>
			<posy>-40</posy>
			<width>180</width>
			<height>800</height>
			<aspectratio>stretch</aspectratio>
			<texture>blades-runner-left1.png</texture>
			<animation effect="fade" start="100" end="0" time="100" delay="HomeBladeAnimationSpeed" condition="Window.Next(1111)">WindowClose</animation>
		</control>
		<control type="image">
			<posx>-0</posx>
			<posy>-40</posy>
			<width>115</width>
			<height>800</height>
			<aspectratio>stretch</aspectratio>
			<texture>blades-size4-header.png</texture>
			<animation type="WindowOpen" condition="Window.Previous(1111)">
				<effect type="slide" start="50,0" end="60,0" time="100" />
				<effect type="slide" start="0,0" end="-60,0" delay="100" time="HomeBladeAnimationSpeed" />
			</animation>
			<animation type="WindowClose" condition="Window.Next(1111)">
				<effect type="slide" start="0,0" end="60,0" time="100" />
				<effect type="slide" start="0,0" end="-10,0" delay="100" time="HomeBladeAnimationSpeed" />
			</animation>
		</control>
		<control type="label">
			<description>Applications Label</description>
			<label>31002</label>
			<posx>90</posx>
			<posy>170</posy>
			<font>font16</font>
			<textcolor>black</textcolor>
			<align>left</align>
			<aligny>middle</aligny>
			<angle>270</angle>
			<animation type="WindowOpen" condition="Window.Previous(1111)">
				<effect type="slide" start="50,0" end="60,0" time="100" />
				<effect type="slide" start="0,0" end="-60,0" delay="100" time="HomeBladeAnimationSpeed" />
			</animation>
			<animation type="WindowClose" condition="Window.Next(1111)">
				<effect type="slide" start="0,0" end="60,0" time="100" />
				<effect type="slide" start="0,0" end="-10,0" delay="100" time="HomeBladeAnimationSpeed" />
			</animation>
		</control>
		<!-- Right side -->
		<control type="image">
			<posx>55r</posx>
			<posy>-40</posy>
			<width>180</width>
			<height>800</height>
			<aspectratio>stretch</aspectratio>
			<texture>blades-runner-right.png</texture>
		</control>
		<control type="image">
			<posx>15r</posx>
			<posy>-40</posy>
			<width>115</width>
			<height>800</height>
			<aspectratio>stretch</aspectratio>
			<texture>blades-size2-right-NF.png</texture>
			<animation type="WindowOpen" condition="Window.Previous(1111)">
				<effect type="slide" start="-100,0" end="-110,0" time="100" />
				<effect type="slide" start="0,0" end="100,0" delay="100" time="HomeBladeAnimationSpeed" />
			</animation>
			<animation type="WindowClose" condition="Window.Next(1111)">
				<effect type="slide" start="0,0" end="-110,0" time="100" />
				<effect type="slide" start="0,0" end="10,0" delay="100" time="HomeBladeAnimationSpeed" />
			</animation>
		</control>
		<control type="label">
			<description>System Label</description>
			<label>31003</label>
			<posx>-50r</posx>
			<posy>200</posy>
			<font>font16</font>
			<textcolor>black</textcolor>
			<align>left</align>
			<aligny>middle</aligny>
			<angle>270</angle>
			<animation type="WindowOpen" condition="Window.Previous(1111)">
				<effect type="slide" start="-100,0" end="-110,0" time="100" />
				<effect type="slide" start="0,0" end="100,0" delay="100" time="HomeBladeAnimationSpeed" />
			</animation>
			<animation type="WindowClose" condition="Window.Next(1111)">
				<effect type="slide" start="0,0" end="-110,0" time="100" />
				<effect type="slide" start="0,0" end="10,0" delay="100" time="HomeBladeAnimationSpeed" />
			</animation>
		</control>
		<control type="image">
			<posx>65r</posx>
			<posy>-40</posy>
			<width>115</width>
			<height>800</height>
			<aspectratio>stretch</aspectratio>
			<texture>blades-size3-right-NF.png</texture>
			<animation type="WindowOpen" condition="Window.Previous(1111)">
				<effect type="slide" start="-100,0" end="-110,0" time="100" />
				<effect type="slide" start="0,0" end="110,0" delay="100" time="HomeBladeAnimationSpeed" />
			</animation>
			<animation type="WindowClose" condition="Window.Next(1111)">
				<effect type="slide" start="0,0" end="-110,0" time="100" />
				<effect type="slide" start="0,0" end="10,0" delay="100" time="HomeBladeAnimationSpeed" />
			</animation>
		</control>
		<control type="label">
			<description>Media Label</description>
			<label>31001</label>
			<posx>0r</posx>
			<posy>190</posy>
			<font>font16</font>
			<textcolor>black</textcolor>
			<align>left</align>
			<aligny>middle</aligny>
			<angle>270</angle>
			<animation type="WindowOpen" condition="Window.Previous(1111)">
				<effect type="slide" start="-100,0" end="-110,0" time="100" />
				<effect type="slide" start="0,0" end="110,0" delay="100" time="HomeBladeAnimationSpeed" />
			</animation>
			<animation type="WindowClose" condition="Window.Next(1111)">
				<effect type="slide" start="0,0" end="-110,0" time="100" />
				<effect type="slide" start="0,0" end="10,0" delay="100" time="HomeBladeAnimationSpeed" />
			</animation>
		</control>
		<control type="image">
			<posx>55r</posx>
			<posy>-40</posy>
			<width>180</width>
			<height>800</height>
			<aspectratio>stretch</aspectratio>
			<texture>blades-runner-right.png</texture>
			<animation effect="fade" start="100" end="0" time="100" delay="HomeBladeAnimationSpeed" condition="Window.Next(1111)">WindowClose</animation>
		</control>
	</include>

	<include name="MediaToSubBlades">
		<!-- Left side -->
		<control type="image">
			<posx>-110</posx>
			<posy>-40</posy>
			<width>180</width>
			<height>800</height>
			<aspectratio>stretch</aspectratio>
			<texture>blades-runner-left.png</texture>
		</control>
		<control type="image">
			<posx>-100</posx>
			<posy>-40</posy>
			<width>115</width>
			<height>800</height>
			<aspectratio>stretch</aspectratio>
			<texture>blades-size2-left-NF.png</texture>
			<animation type="WindowOpen" condition="Window.Previous(Home)">
				<effect type="slide" start="100,0" end="110,0" time="100" />
				<effect type="slide" start="0,0" end="-110,0" delay="100" time="HomeBladeAnimationSpeed" />
			</animation>
			<animation type="WindowClose" condition="Window.Next(Home)">
				<effect type="slide" start="0,0" end="110,0" time="100" />
				<effect type="slide" start="0,0" end="-10,0" delay="100" time="HomeBladeAnimationSpeed" />
			</animation>
		</control>
		<control type="label">
			<description>weather Label</description>
			<label>31004</label>
			<posx>-10</posx>
			<posy>200</posy>
			<font>font16</font>
			<textcolor>black</textcolor>
			<align>left</align>
			<aligny>middle</aligny>
			<angle>270</angle>
			<animation type="WindowOpen" condition="Window.Previous(Home)">
				<effect type="slide" start="100,0" end="110,0" time="100" />
				<effect type="slide" start="0,0" end="-110,0" delay="100" time="HomeBladeAnimationSpeed" />
			</animation>
			<animation type="WindowClose" condition="Window.Next(Home)">
				<effect type="slide" start="0,0" end="110,0" time="100" />
				<effect type="slide" start="0,0" end="-10,0" delay="100" time="HomeBladeAnimationSpeed" />
			</animation>
		</control>
		<control type="image">
			<posx>-50</posx>
			<posy>-40</posy>
			<width>115</width>
			<height>800</height>
			<aspectratio>stretch</aspectratio>
			<texture>blades-size3-left-NF.png</texture>
			<animation type="WindowOpen" condition="Window.Previous(Home)">
				<effect type="slide" start="100,0" end="110,0" time="100" />
				<effect type="slide" start="0,0" end="-110,0" delay="100" time="HomeBladeAnimationSpeed" />
			</animation>
			<animation type="WindowClose" condition="Window.Next(Home)">
				<effect type="slide" start="0,0" end="110,0" time="100" />
				<effect type="slide" start="0,0" end="-10,0" delay="100" time="HomeBladeAnimationSpeed" />
			</animation>
		</control>
		<control type="label">
			<description>Applications Label</description>
			<label>31002</label>
			<posx>40</posx>
			<posy>190</posy>
			<font>font16</font>
			<textcolor>black</textcolor>
			<align>left</align>
			<aligny>middle</aligny>
			<angle>270</angle>
			<animation type="WindowOpen" condition="Window.Previous(Home)">
				<effect type="slide" start="100,0" end="110,0" time="100" />
				<effect type="slide" start="0,0" end="-110,0" delay="100" time="HomeBladeAnimationSpeed" />
			</animation>
			<animation type="WindowClose" condition="Window.Next(Home)">
				<effect type="slide" start="0,0" end="110,0" time="100" />
				<effect type="slide" start="0,0" end="-10,0" delay="100" time="HomeBladeAnimationSpeed" />
			</animation>
		</control>
		<control type="image">
			<posx>-120</posx>
			<posy>-40</posy>
			<width>180</width>
			<height>800</height>
			<aspectratio>stretch</aspectratio>
			<texture>blades-runner-left1.png</texture>
			<animation effect="fade" start="100" end="0" time="100" delay="HomeBladeAnimationSpeed" condition="Window.Next(Home)">WindowClose</animation>
		</control>
		<control type="image">
			<posx>0</posx>
			<posy>-40</posy>
			<width>115</width>
			<height>800</height>
			<aspectratio>stretch</aspectratio>
			<texture>blades-size4-header.png</texture>
			<animation type="WindowOpen" condition="Window.Previous(Home)">
				<effect type="slide" start="100,0" end="110,0" time="100" />
				<effect type="slide" start="0,0" end="-110,0" delay="100" time="HomeBladeAnimationSpeed" />
			</animation>
			<animation type="WindowClose" condition="Window.Next(Home)">
				<effect type="slide" start="0,0" end="110,0" time="100" />
				<effect type="slide" start="0,0" end="-10,0" delay="100" time="HomeBladeAnimationSpeed" />
			</animation>
		</control>
		<control type="label">
			<description>Media Label</description>
			<label>31001</label>
			<posx>90</posx>
			<posy>170</posy>
			<font>font16</font>
			<textcolor>black</textcolor>
			<align>left</align>
			<aligny>middle</aligny>
			<angle>270</angle>
			<animation type="WindowOpen" condition="Window.Previous(Home)">
				<effect type="slide" start="100,0" end="110,0" time="100" />
				<effect type="slide" start="0,0" end="-110,0" delay="100" time="HomeBladeAnimationSpeed" />
			</animation>
			<animation type="WindowClose" condition="Window.Next(Home)">
				<effect type="slide" start="0,0" end="110,0" time="100" />
				<effect type="slide" start="0,0" end="-10,0" delay="100" time="HomeBladeAnimationSpeed" />
			</animation>
		</control>
		<!-- Right side -->
		<control type="image">
			<posx>55r</posx>
			<posy>-40</posy>
			<width>180</width>
			<height>800</height>
			<aspectratio>stretch</aspectratio>
			<texture>blades-runner-right.png</texture>
		</control>
		<control type="image">
			<posx>65r</posx>
			<posy>-40</posy>
			<width>115</width>
			<height>800</height>
			<aspectratio>stretch</aspectratio>
			<texture>blades-size3-right-NF.png</texture>
			<animation type="WindowOpen" condition="Window.Previous(Home)">
				<effect type="slide" start="-50,0" end="-60,0" time="100" />
				<effect type="slide" start="0,0" end="60,0" delay="100" time="HomeBladeAnimationSpeed" />
			</animation>
			<animation type="WindowClose" condition="Window.Next(Home)">
				<effect type="slide" start="0,0" end="-60,0" time="100" />
				<effect type="slide" start="0,0" end="10,0" delay="100" time="HomeBladeAnimationSpeed" />
			</animation>
		</control>
		<control type="label">
			<description>System Label</description>
			<label>31003</label>
			<posx>0r</posx>
			<posy>190</posy>
			<font>font16</font>
			<textcolor>black</textcolor>
			<align>left</align>
			<aligny>middle</aligny>
			<angle>270</angle>
			<animation type="WindowOpen" condition="Window.Previous(Home)">
				<effect type="slide" start="-50,0" end="-60,0" time="100" />
				<effect type="slide" start="0,0" end="60,0" delay="100" time="HomeBladeAnimationSpeed" />
			</animation>
			<animation type="WindowClose" condition="Window.Next(Home)">
				<effect type="slide" start="0,0" end="-60,0" time="100" />
				<effect type="slide" start="0,0" end="10,0" delay="100" time="HomeBladeAnimationSpeed" />
			</animation>
		</control>
		<control type="image">
			<posx>55r</posx>
			<posy>-40</posy>
			<width>180</width>
			<height>800</height>
			<aspectratio>stretch</aspectratio>
			<texture>blades-runner-right.png</texture>
			<animation effect="fade" start="100" end="0" time="100" delay="HomeBladeAnimationSpeed" condition="Window.Next(Home)">WindowClose</animation>
		</control>
	</include>

	<include name="SettingsToSubBlades">
		<!-- Left side -->
		<control type="image">
			<posx>-120</posx>
			<posy>-40</posy>
			<width>180</width>
			<height>800</height>
			<aspectratio>stretch</aspectratio>
			<texture>blades-runner-left1.png</texture>
			<visible>WindowClose</visible>
			<animation effect="fade" start="0" end="100" time="0" delay="HomeBladeAnimationSpeed" condition="Window.Next(Settings)">WindowClose</animation>
		</control>
		<control type="image">
			<posx>-150</posx>
			<posy>-40</posy>
			<width>115</width>
			<height>800</height>
			<aspectratio>stretch</aspectratio>
			<texture>blades-size1-left-NF.png</texture>
			<animation type="WindowOpen" condition="Window.Previous(Settings)">
				<effect type="slide" start="150,0" end="160,0" time="100" />
				<effect type="slide" start="0,0" end="-160,0" delay="100" time="HomeBladeAnimationSpeed" />
			</animation>
			<animation type="WindowClose" condition="Window.Next(Settings)">
				<effect type="slide" start="0,0" end="160,0" time="100" />
				<effect type="slide" start="0,0" end="-10,0" delay="100" time="HomeBladeAnimationSpeed" />
			</animation>
		</control>
		<control type="label">
			<description>weather Label</description>
			<label>31004</label>
			<posx>-60</posx>
			<posy>210</posy>
			<font>font16</font>
			<textcolor>black</textcolor>
			<align>left</align>
			<aligny>middle</aligny>
			<angle>270</angle>
			<animation type="WindowOpen" condition="Window.Previous(Settings)">
				<effect type="slide" start="150,0" end="160,0" time="100" />
				<effect type="slide" start="0,0" end="-160,0" delay="100" time="HomeBladeAnimationSpeed" />
			</animation>
			<animation type="WindowClose" condition="Window.Next(Settings)">
				<effect type="slide" start="0,0" end="160,0" time="100" />
				<effect type="slide" start="0,0" end="-10,0" delay="100" time="HomeBladeAnimationSpeed" />
			</animation>
		</control>
		<control type="image">
			<posx>-100</posx>
			<posy>-40</posy>
			<width>115</width>
			<height>800</height>
			<aspectratio>stretch</aspectratio>
			<texture>blades-size2-left-NF.png</texture>
			<animation type="WindowOpen" condition="Window.Previous(Settings)">
				<effect type="slide" start="150,0" end="160,0" time="100" />
				<effect type="slide" start="0,0" end="-160,0" delay="100" time="HomeBladeAnimationSpeed" />
			</animation>
			<animation type="WindowClose" condition="Window.Next(Settings)">
				<effect type="slide" start="0,0" end="160,0" time="100" />
				<effect type="slide" start="0,0" end="-10,0" delay="100" time="HomeBladeAnimationSpeed" />
			</animation>
		</control>
		<control type="label">
			<description>Apps Label</description>
			<label>31002</label>
			<posx>-10</posx>
			<posy>200</posy>
			<font>font16</font>
			<textcolor>black</textcolor>
			<align>left</align>
			<aligny>middle</aligny>
			<angle>270</angle>
			<animation type="WindowOpen" condition="Window.Previous(Settings)">
				<effect type="slide" start="150,0" end="160,0" time="100" />
				<effect type="slide" start="0,0" end="-160,0" delay="100" time="HomeBladeAnimationSpeed" />
			</animation>
			<animation type="WindowClose" condition="Window.Next(Settings)">
				<effect type="slide" start="0,0" end="160,0" time="100" />
				<effect type="slide" start="0,0" end="-10,0" delay="100" time="HomeBladeAnimationSpeed" />
			</animation>
		</control>
		<control type="image">
			<posx>-50</posx>
			<posy>-40</posy>
			<width>115</width>
			<height>800</height>
			<aspectratio>stretch</aspectratio>
			<texture>blades-size3-left-NF.png</texture>
			<animation type="WindowOpen" condition="Window.Previous(Settings)">
				<effect type="slide" start="150,0" end="160,0" time="100" />
				<effect type="slide" start="0,0" end="-160,0" delay="100" time="HomeBladeAnimationSpeed" />
			</animation>
			<animation type="WindowClose" condition="Window.Next(Settings)">
				<effect type="slide" start="0,0" end="160,0" time="100" />
				<effect type="slide" start="0,0" end="-10,0" delay="100" time="HomeBladeAnimationSpeed" />
			</animation>
		</control>
		<control type="label">
			<description>Media Label</description>
			<label>31001</label>
			<posx>40</posx>
			<posy>190</posy>
			<font>font16</font>
			<textcolor>black</textcolor>
			<align>left</align>
			<aligny>middle</aligny>
			<angle>270</angle>
			<animation type="WindowOpen" condition="Window.Previous(Settings)">
				<effect type="slide" start="150,0" end="160,0" time="100" />
				<effect type="slide" start="0,0" end="-160,0" delay="100" time="HomeBladeAnimationSpeed" />
			</animation>
			<animation type="WindowClose" condition="Window.Next(Settings)">
				<effect type="slide" start="0,0" end="160,0" time="100" />
				<effect type="slide" start="0,0" end="-10,0" delay="100" time="HomeBladeAnimationSpeed" />
			</animation>
		</control>
		<control type="image">
			<posx>-120</posx>
			<posy>-40</posy>
			<width>180</width>
			<height>800</height>
			<aspectratio>stretch</aspectratio>
			<texture>blades-runner-left1.png</texture>
			<animation effect="fade" start="100" end="0" time="100" delay="HomeBladeAnimationSpeed" condition="Window.Next(Settings)">WindowClose</animation>
		</control>
		<control type="image">
			<posx>0</posx>
			<posy>-40</posy>
			<width>115</width>
			<height>800</height>
			<aspectratio>stretch</aspectratio>
			<texture>blades-size4-header.png</texture>
			<animation type="WindowOpen" condition="Window.Previous(Settings)">
				<effect type="slide" start="150,0" end="160,0" time="100" />
				<effect type="slide" start="0,0" end="-160,0" delay="100" time="HomeBladeAnimationSpeed" />
			</animation>
			<animation type="WindowClose" condition="Window.Next(Settings)">
				<effect type="slide" start="0,0" end="160,0" time="100" />
				<effect type="slide" start="0,0" end="-10,0" delay="100" time="HomeBladeAnimationSpeed" />
			</animation>
		</control>
		<control type="label">
			<description>System Label</description>
			<label>31003</label>
			<posx>90</posx>
			<posy>170</posy>
			<font>font16</font>
			<textcolor>black</textcolor>
			<align>left</align>
			<aligny>middle</aligny>
			<angle>270</angle>
			<animation type="WindowOpen" condition="Window.Previous(Settings)">
				<effect type="slide" start="150,0" end="160,0" time="100" />
				<effect type="slide" start="0,0" end="-160,0" delay="100" time="HomeBladeAnimationSpeed" />
			</animation>
			<animation type="WindowClose" condition="Window.Next(Settings)">
				<effect type="slide" start="0,0" end="160,0" time="100" />
				<effect type="slide" start="0,0" end="-10,0" delay="100" time="HomeBladeAnimationSpeed" />
			</animation>
		</control>
		<!-- Right side -->
		<control type="group">
			<posx>15r</posx>
			<posy>232</posy>
			<animation effect="slide" start="-100,0" end="0,0" time="HomeBladeAnimationSpeed" condition="!Window.Previous(AppearanceSettings)">WindowOpen</animation>
			<control type="image">
				<posx>0</posx>
				<posy>0</posy>
				<width>74</width>
				<height>256</height>
				<aspectratio>stretch</aspectratio>
				<texture border="25,5,5,5">power-panel.png</texture>
			</control>
			<control type="image">
				<description>Icon</description>
				<posx>18</posx>
				<posy>50</posy>
				<width>40</width>
				<height>40</height>
				<aspectratio>keep</aspectratio>
				<texture>special://skin/button_icons/icon-power.png</texture>
			</control>
			<control type="image">
				<description>Icon</description>
				<posx>18</posx>
				<posy>165</posy>
				<width>40</width>
				<height>40</height>
				<aspectratio>keep</aspectratio>
				<texture>special://skin/button_icons/icon-favourites.png</texture>
			</control>
		</control>
		<control type="image">
			<posx>55r</posx>
			<posy>-40</posy>
			<width>180</width>
			<height>800</height>
			<aspectratio>stretch</aspectratio>
			<texture>blades-runner-right.png</texture>
		</control>
	</include>

</includes>
