<includes>
	<default type="image">
		<posx>0</posx>
		<posy>0</posy>
		<texture>-</texture>
		<colorkey>0</colorkey>
	</default>
	<default type="label">
		<posx>80</posx>
		<posy>60</posy>
		<label>-</label>
		<font>font13</font>
		<textcolor>white</textcolor>
	</default>
	<default type="fadelabel">
		<posx>80</posx>
		<posy>60</posy>
		<font>font13</font>
		<textcolor>white</textcolor>
	</default>
	<default type="button">
		<posx>300</posx>
		<posy>200</posy>
		<width>340</width>
		<height>42</height>
		<texturefocus>button-focus.png</texturefocus>
		<texturenofocus>button-nofocus.png</texturenofocus>
		<font>font13</font>
		<textcolor>white</textcolor>
		<disabledcolor>disabled</disabledcolor>
		<textoffsetx>15</textoffsetx>
		<aligny>center</aligny>
		<pulseonselect>no</pulseonselect>
	</default>
	<default type="togglebutton">
		<posx>140</posx>
		<posy>167</posy>
		<width>30</width>
		<height>30</height>
		<texturefocus>sortup-focus.png</texturefocus>
		<texturenofocus>sortup-nofocus.png</texturenofocus>
		<alttexturefocus>sortdown-focus.png</alttexturefocus>
		<alttexturenofocus>sortdown-nofocus.png</alttexturenofocus>
		<textcolor>white</textcolor>
		<aligny>center</aligny>
		<font>font13</font>
		<disabledcolor>disabled</disabledcolor>
		<pulseonselect>no</pulseonselect>
	</default>
	<default type="textbox">
		<posx>220</posx>
		<posy>220</posy>
		<width>410</width>
		<height>215</height>
		<textcolor>white</textcolor>
		<textureup>scroll-up.png</textureup>
		<texturedown>scroll-down.png</texturedown>
		<textureupfocus>scroll-up-focus.png</textureupfocus>
		<texturedownfocus>scroll-down-focus.png</texturedownfocus>
		<font>font13</font>
	</default>
	<default type="progress">
		<posx>0</posx>
		<posy>0</posy>
		<texturebg border="6,0,6,0">progress_back.png</texturebg>
		<lefttexture>-</lefttexture>
		<midtexture border="6,0,6,0">progress_front.png</midtexture>
		<righttexture>-</righttexture>
		<overlaytexture>-</overlaytexture>
	</default>
	<default type="spincontrol">
		<posx>330</posx>
		<posy>126</posy>
		<textureup>sortup-nofocus.png</textureup>
		<texturedown>sortdown-nofocus.png</texturedown>
		<textureupfocus>sortup-focus.png</textureupfocus>
		<texturedownfocus>sortdown-focus.png</texturedownfocus>
		<align>right</align>
		<width>32</width>
		<height>32</height>
		<font>font12</font>
		<reverse>yes</reverse>
		<textcolor>white</textcolor>
		<disabledcolor>disabled</disabledcolor>
		<subtype>text</subtype>
		<textoffsetx>15</textoffsetx>
		<textoffsety>0</textoffsety>
		<aligny>-</aligny>
		<pulseonselect>no</pulseonselect>
	</default>
	<default type="spincontrolex">
		<posx>530</posx>
		<posy>160</posy>
		<width>300</width>
		<height>42</height>
		<spinwidth>30</spinwidth>
		<spinheight>30</spinheight>
		<texturefocus>button-focus.png</texturefocus>
		<texturenofocus>-</texturenofocus>
		<textureup>sortup-nofocus.png</textureup>
		<texturedown>sortdown-nofocus.png</texturedown>
		<textureupfocus>sortup-focus.png</textureupfocus>
		<texturedownfocus>sortdown-focus.png</texturedownfocus>
		<font>font12</font>
		<textcolor>white</textcolor>
		<disabledcolor>disabled</disabledcolor>
		<textoffsetx>15</textoffsetx>
		<aligny>center</aligny>
		<reverse>yes</reverse>
		<pulseonselect>no</pulseonselect>
	</default>
	<default type="radiobutton">
		<posx>300</posx>
		<posy>200</posy>
		<width>340</width>
		<height>42</height>
		<radiowidth>24</radiowidth>
		<radioheight>24</radioheight>
		<textureradiofocus>check-box.png</textureradiofocus>
		<textureradionofocus>check-boxNF.png</textureradionofocus>
		<texturefocus>button-focus.png</texturefocus>
		<texturenofocus>button-nofocus.png</texturenofocus>
		<label>215</label>
		<font>font13</font>
		<textcolor>white</textcolor>
		<disabledcolor>disabled</disabledcolor>
		<textoffsetx>15</textoffsetx>
		<aligny>center</aligny>
		<pulseonselect>no</pulseonselect>
	</default>
	<default type="edit">
		<description>Name Button</description>
		<posx>0</posx>
		<posy>0</posy>
		<width>300</width>
		<height>45</height>
		<textoffsetx>15</textoffsetx>
		<label>-</label>
		<textcolor>white</textcolor>
		<disabledcolor>disabled</disabledcolor>
		<font>font12</font>
		<texturefocus>button-focus.png</texturefocus>
		<texturenofocus>button-nofocus.png</texturenofocus>
	</default>
	<default type="slider">
		<texturesliderbar>osd_slider_bg.png</texturesliderbar>
		<textureslidernib>slider_nibFO.png</textureslidernib>
		<textureslidernibfocus>slider_nibFO.png</textureslidernibfocus>
	</default>
	<default type="sliderex">
		<textcolor>white</textcolor>
		<disabledcolor>disabled</disabledcolor>
		<textoffsetx>15</textoffsetx>
		<texturesliderbar>osd_slider_bg.png</texturesliderbar>
		<textureslidernib>slider_nibFO.png</textureslidernib>
		<textureslidernibfocus>slider_nibFO.png</textureslidernibfocus>
	</default>
	<default type="mover">
		<posx>60</posx>
		<posy>192</posy>
		<texturefocus>button-focus.png</texturefocus>
		<texturenofocus>button-nofocus.png</texturenofocus>
	</default>
	<default type="resize">
		<posx>60</posx>
		<posy>192</posy>
		<texturefocus>button-focus.png</texturefocus>
		<texturenofocus>button-nofocus.png</texturenofocus>
	</default>
</includes>