<window id="111">
	<defaultcontrol>2000</defaultcontrol>
	<coordinates>
		<system>1</system>
		<posx>730</posx>
		<posy>0</posy>
	</coordinates>
	<controls>
		<control type="group">
			<animation type="WindowOpen">
				<effect type="fade" start="0" end="100" time="100" />
				<effect type="slide" start="550,0" end="0,0" delay="100" time="400" tween="quadratic" easing="out" />
			</animation>
			<animation type="WindowClose">
				<effect type="slide" start="0,0" end="550,0" delay="DialogVisibleFadeAnimationSpeed" time="400" tween="quadratic" easing="in"/>
				<effect type="fade" start="100" end="0" delay="800" time="100" />
			</animation>
			<control type="image">
				<posx>130</posx>
				<posy>-40</posy>
				<width>180</width>
				<height>800</height>
				<aspectratio>stretch</aspectratio>
				<texture>blades-runner-right.png</texture>
			</control>
			<control type="image">
				<posx>310</posx>
				<posy>-40</posy>
				<width>970</width>
				<height>800</height>
				<aspectratio>stretch</aspectratio>
				<texture>blades-runner-right-edge.png</texture>
			</control>
			<control type="label" id="411">
				<description>Header label</description>
				<posx>200</posx>
				<label>31102</label>
				<include>DialogHeaderTextCommons</include>
			</control>
			<control type="group">
				<posx>180</posx>
				<animation effect="fade" delay="500" time="DialogVisibleFadeAnimationSpeed">WindowOpen</animation>
				<animation effect="fade" delay="100" time="DialogVisibleFadeAnimationSpeed">WindowClose</animation>
				<control type="image">
					<description>Button Seperator</description>
					<posx>0</posx>
					<posy>139</posy>
					<width>340</width>
					<height>2</height>
					<texture>divider.png</texture>
				</control>
				<control type="list" id="2000">
					<posx>0</posx>
					<posy>140</posy>
					<width>340</width>
					<height>400</height>
					<onleft>Dialog.Close(shutdownmenu)</onleft>
					<onright>2000</onright>
					<onup>2000</onup>
					<ondown>2000</ondown>
					<pagecontrol>60</pagecontrol>
					<scrolltime>200</scrolltime>
					<itemlayout height="50">
						<control type="image">
							<description>Button Seperator</description>
							<posx>0</posx>
							<posy>49</posy>
							<width>340</width>
							<height>2</height>
							<texture>divider.png</texture>
						</control>
						<control type="label">
							<posx>25</posx>
							<posy>0</posy>
							<width>290</width>
							<height>47</height>
							<font>font16</font>
							<aligny>center</aligny>
							<textcolor>white</textcolor>
							<selectedcolor>orange</selectedcolor>
							<align>left</align>
							<info>ListItem.Label</info>
						</control>
					</itemlayout>
					<focusedlayout height="50">
						<control type="image">
							<description>Button Seperator</description>
							<posx>0</posx>
							<posy>49</posy>
							<width>340</width>
							<height>2</height>
							<texture>divider.png</texture>
						</control>
						<control type="image">
							<posx>0</posx>
							<posy>0</posy>
							<width>340</width>
							<height>50</height>
							<visible>Control.HasFocus(2000)</visible>
							<texture border="0,3,0,3">button-focus2.png</texture>
						</control>
						<control type="label">
							<posx>25</posx>
							<posy>0</posy>
							<width>290</width>
							<height>47</height>
							<font>font16</font>
							<aligny>center</aligny>
							<textcolor>black</textcolor>
							<selectedcolor>orange</selectedcolor>
							<align>left</align>
							<info>ListItem.Label</info>
						</control>
					</focusedlayout>
					<content>
						<item>
							<label>13005</label>
							<onclick>XBMC.Powerdown()</onclick>
						</item>
						<item>
							<label>13013</label>
							<onclick>XBMC.Reboot()</onclick>
						</item>
						<item>
							<label>13313</label>
							<onclick>XBMC.RestartApp()</onclick>
						</item>
						<item>
							<label>13006</label>
							<onclick>XBMC.Quit()</onclick>
							<visible>System.LoggedOn</visible>
						</item>
						<item>
							<label>20126</label>
							<onclick>Dialog.Close(shutdownmenu)</onclick>
							<onclick>system.logoff</onclick>
							<visible>System.LoggedOn + System.HasLoginScreen</visible>
						</item>
						<item>
							<label>20045</label>
							<onclick>xbmc.mastermode</onclick>
							<visible>!System.IsMaster + System.LoggedOn + System.HasLocks</visible>
						</item>
						<item>
							<label>20046</label>
							<onclick>xbmc.mastermode</onclick>
							<visible>System.IsMaster + System.LoggedOn + System.HasLocks</visible>
						</item>
						<item>
							<label>130</label>
							<onclick>Dialog.Close(shutdownmenu)</onclick>
							<onclick>XBMC.ActivateWindow(systeminfo)</onclick>
							<visible>System.LoggedOn</visible>
						</item>
					</content>
				</control>
			</control>
		</control>
	</controls>
</window>