<window id="115">
	<defaultcontrol>1</defaultcontrol>
	<visible>Player.Seeking | Player.DisplayAfterSeek | Player.Paused | Player.Forwarding | Player.Rewinding</visible>
	<include>dialogeffect</include>
	<coordinates>
		<system>1</system>
		<posx>820</posx>
		<posy>-3</posy>
	</coordinates>
	<controls>
		<control type="group">
			<animation effect="slide" start="0,0" end="0,10" time="200" condition="Window.IsVisible(FullscreenVideo) | Window.IsVisible(Visualisation)">conditional</animation>
			<animation effect="slide" start="0,0" end="-180,0" time="200" condition="Window.IsVisible(BusyDialog)">conditional</animation>
			<control type="image">
				<description>Media Overlay Image</description>
				<posx>0</posx>
				<posy>0</posy>
				<width>400</width>
				<height>85</height>
				<texture border="20,20,20,30">Dialog2.png</texture>
			</control>
			<!-- playstate labels -->
			<control type="label">
				<description>Playing Label</description>
				<posx>90</posx>
				<posy>15</posy>
				<width>220</width>
				<height>25</height>
				<align>center</align>
				<font>font10</font>
				<textcolor>orange</textcolor>
				<label>31230</label>
				<visible>Player.Playing + !Player.Seeking</visible>
			</control>
			<control type="label">
				<description>Paused Label</description>
				<posx>90</posx>
				<posy>15</posy>
				<width>220</width>
				<height>25</height>
				<align>center</align>
				<font>font10</font>
				<textcolor>orange</textcolor>
				<label>31231</label>
				<visible>[Player.Paused + !Player.Caching] + !Player.Seeking</visible>
			</control>
			<control type="label">
				<description>Buffering Label</description>
				<posx>90</posx>
				<posy>15</posy>
				<width>220</width>
				<height>25</height>
				<align>center</align>
				<font>font10</font>
				<textcolor>orange</textcolor>
				<label>$LOCALIZE[31234] $INFO[Player.CacheLevel]%</label>
				<visible>[Player.Paused + Player.Caching] + !Player.Seeking</visible>
			</control>
			<control type="label">
				<description>Seeking Label</description>
				<posx>90</posx>
				<posy>15</posy>
				<width>220</width>
				<height>25</height>
				<align>center</align>
				<font>font10</font>
				<textcolor>orange</textcolor>
				<label>773</label>
				<visible>Player.Seeking</visible>
			</control>

			<control type="label">
				<description>RW x2 Label</description>
				<posx>90</posx>
				<posy>15</posy>
				<width>220</width>
				<height>25</height>
				<align>center</align>
				<font>font10</font>
				<textcolor>orange</textcolor>
				<label>$LOCALIZE[31233] x2</label>
				<visible>Player.Rewinding2x + !Player.Seeking</visible>
			</control>
			<control type="label">
				<description>RW x4 Label</description>
				<posx>90</posx>
				<posy>15</posy>
				<width>220</width>
				<height>25</height>
				<align>center</align>
				<font>font10</font>
				<textcolor>orange</textcolor>
				<label>$LOCALIZE[31233] x4</label>
				<visible>Player.Rewinding4x + !Player.Seeking</visible>
			</control>
			<control type="label">
				<description>RW x8 Label</description>
				<posx>90</posx>
				<posy>15</posy>
				<width>220</width>
				<height>25</height>
				<align>center</align>
				<font>font10</font>
				<textcolor>orange</textcolor>
				<label>$LOCALIZE[31233] x8</label>
				<visible>Player.Rewinding8x + !Player.Seeking</visible>
			</control>
			<control type="label">
				<description>RW x16 Label</description>
				<posx>90</posx>
				<posy>15</posy>
				<width>220</width>
				<height>25</height>
				<align>center</align>
				<font>font10</font>
				<textcolor>orange</textcolor>
				<label>$LOCALIZE[31233] x16</label>
				<visible>Player.Rewinding16x</visible>
			</control>
			<control type="label">
				<description>RW x32 Label</description>
				<posx>90</posx>
				<posy>15</posy>
				<width>220</width>
				<height>25</height>
				<align>center</align>
				<font>font10</font>
				<textcolor>orange</textcolor>
				<label>$LOCALIZE[31233] x32</label>
				<visible>Player.Rewinding32x + !Player.Seeking</visible>
			</control>

			<control type="label">
				<description>FF x2 Label</description>
				<posx>90</posx>
				<posy>15</posy>
				<width>220</width>
				<height>25</height>
				<align>center</align>
				<font>font10</font>
				<textcolor>orange</textcolor>
				<label>$LOCALIZE[31232] x2</label>
				<visible>Player.Forwarding2x + !Player.Seeking</visible>
			</control>
			<control type="label">
				<description>FF x4 Label</description>
				<posx>90</posx>
				<posy>15</posy>
				<width>220</width>
				<height>25</height>
				<align>center</align>
				<font>font10</font>
				<textcolor>orange</textcolor>
				<label>$LOCALIZE[31232] x4</label>
				<visible>Player.Forwarding4x + !Player.Seeking</visible>
			</control>
			<control type="label">
				<description>FF x8 Label</description>
				<posx>90</posx>
				<posy>15</posy>
				<width>220</width>
				<height>25</height>
				<align>center</align>
				<font>font10</font>
				<textcolor>orange</textcolor>
				<label>$LOCALIZE[31232] x8</label>
				<visible>Player.Forwarding8x</visible>
			</control>
			<control type="label">
				<description>FF x16 Label</description>
				<posx>90</posx>
				<posy>15</posy>
				<width>220</width>
				<height>25</height>
				<align>center</align>
				<font>font10</font>
				<textcolor>orange</textcolor>
				<label>$LOCALIZE[31232] x16</label>
				<visible>Player.Forwarding16x + !Player.Seeking</visible>
			</control>
			<control type="label">
				<description>FF x32 Label</description>
				<posx>90</posx>
				<posy>15</posy>
				<width>220</width>
				<height>25</height>
				<align>center</align>
				<font>font10</font>
				<textcolor>orange</textcolor>
				<label>$LOCALIZE[31232] x32</label>
				<visible>Player.Forwarding32x + !Player.Seeking</visible>
			</control>

			<!-- progressbar dialog -->
			<control type="label">
				<description>Elapsed Time Label</description>
				<posx>20</posx>
				<posy>15</posy>
				<width>100</width>
				<height>16</height>
				<font>font12</font>
				<align>left</align>
				<info>Player.Time</info>
				<visible>!Player.Seeking</visible>
			</control>
			<control type="label">
				<description>Seek Time Label</description>
				<posx>20</posx>
				<posy>15</posy>
				<width>100</width>
				<height>16</height>
				<font>font12</font>
				<align>left</align>
				<info>Player.SeekTime</info>
				<visible>Player.Seeking</visible>
			</control>
			<control type="label">
				<description>Duration Label</description>
				<posx>380</posx>
				<posy>15</posy>
				<width>100</width>
				<height>16</height>
				<label>$INFO[Player.Duration]</label>
				<font>font12</font>
				<align>right</align>
			</control>
			<control type="progress">
				<description>Progressbar</description>
				<posx>20</posx>
				<posy>45</posy>
				<width>360</width>
				<height>8</height>
				<info>Player.Progress</info>
			</control>
			<control type="slider" id="401">
				<description>Seek Slider</description>
				<posx>20</posx>
				<posy>42</posy>
				<width>360</width>
				<height>12</height>
				<texturesliderbar>seekslider.png</texturesliderbar>
				<textureslidernib>slider_nibFO.png</textureslidernib>
				<textureslidernibfocus>slider_nibFO.png</textureslidernibfocus>
				<visible>true</visible>
				<onup>1</onup>
				<ondown>1</ondown>
				<onleft>1</onleft>
				<onright>1</onright>
			</control>
		</control>
	</controls>
</window>