<window id="500">
	<defaultcontrol always="true">50</defaultcontrol>
	<allowoverlay>no</allowoverlay>
	<controls>
		<include condition="!Skin.HasSetting(DontBlendBackground)">CommonVideoVizBackground</include>
		<control type="group">
			<include>CommonMediaBackground</include>
		</control>
		<include condition="Skin.HasSetting(DontBlendBackground)">CommonVideoVizBackground</include>
		<control type="group">
			<include>CommonMediaBlackwash</include>
		</control>
		<control type="group">
			<posx>130</posx>
			<animation effect="fade" delay="500" time="HomeVisibleFadeAnimationSpeed">WindowOpen</animation>
			<animation effect="fade" start="0" end="0" time="0">WindowClose</animation>
			<control type="label">
				<description>Header label</description>
				<posx>0</posx>
				<label>$LOCALIZE[10517]</label>
				<include>HeaderTextCommons</include>
			</control>
			<control type="group">
				<posx>0</posx>
				<posy>110</posy>
				<include>ListViewCommons</include> <!-- View ID 51 -->
				<include>ThumbnailView</include> <!-- View ID 52 -->
			</control>
		</control>
		<control type="group" id="9000">
			<animation effect="fade" start="0" end="0" time="0">WindowClose</animation>
			<animation effect="slide" time="SideMenuSlideOutTime" start="0,0" end="300,0">Focus</animation>
			<animation effect="slide" delay="SideMenuSlideOutTime" time="SideMenuSlideOutTime" start="300,0" end="0,0">UnFocus</animation>
			<posx>-300</posx>
			<posy>0</posy>
			<control type="image">
				<posx>0</posx>
				<posy>-40</posy>
				<width>160</width>
				<height>800</height>
				<aspectratio>stretch</aspectratio>
				<colordiffuse>EFFFFFFF</colordiffuse>
				<texture>blades-runner-right-edge.png</texture>
			</control>
			<control type="image">
				<posx>160</posx>
				<posy>-40</posy>
				<width>180</width>
				<height>800</height>
				<aspectratio>stretch</aspectratio>
				<colordiffuse>EFFFFFFF</colordiffuse>
				<texture>blades-runner-left1.png</texture>
			</control>
			<control type="group">
				<posx>100</posx>
				<posy>140</posy>
				<visible allowhiddenfocus="true">ControlGroup(9000).HasFocus</visible>
				<animation effect="fade" start="0" end="100" delay="SideMenuSlideOutTime" time="200">Visible</animation>
				<animation effect="fade" start="100" end="0" delay="0" time="SideMenuSlideOutTime">Hidden</animation>
				<control type="label">
					<description>Header Label</description>
					<posx>0</posx>
					<posy>-40</posy>
					<width>220</width>
					<height>20</height>
					<font>font12</font>
					<label>31202</label>
					<textcolor>orange</textcolor>
					<shadowcolor>black</shadowcolor>
					<align>left</align>
					<aligny>middle</aligny>
				</control>
				<control type="button" id="2">
					<description>View As button</description>
					<posx>0</posx>
					<posy>0</posy>
					<include>ButtonCommonValues</include>
					<onleft>50</onleft>
					<onright>50</onright>
					<onup>611</onup>
					<ondown>20</ondown>
				</control>
				<control type="radiobutton" id="20">
					<description>Shuffle button</description>
					<posx>2</posx>
					<posy>40</posy>
					<include>ButtonCommonValues</include>
					<label>191</label>
					<onleft>50</onleft>
					<onright>50</onright>
					<onup>2</onup>
					<ondown>26</ondown>
				</control>
				<control type="button" id="26">
					<description>Repeat button</description>
					<posx>4</posx>
					<posy>80</posy>
					<label>-</label>
					<include>ButtonCommonValues</include>
					<onleft>50</onleft>
					<onright>50</onright>
					<onup>20</onup>
					<ondown>21</ondown>
				</control>
				<control type="button" id="21">
					<description>Save</description>
					<posx>6</posx>
					<posy>120</posy>
					<include>ButtonCommonValues</include>
					<label>190</label>
					<onleft>50</onleft>
					<onright>50</onright>
					<onup>26</onup>
					<ondown>22</ondown>
				</control>
				<control type="button" id="22">
					<description>Clear button</description>
					<posx>8</posx>
					<posy>160</posy>
					<label>192</label>
					<onclick>ReplaceWindow(Video)</onclick>
					<include>ButtonCommonValues</include>
					<onleft>50</onleft>
					<onright>50</onright>
					<onup>21</onup>
					<ondown>610</ondown>
				</control>
				<control type="button" id="610">
					<description>Fake Button to fix Player Controls Navigation</description>
					<onup>22</onup>
					<ondown>603</ondown>
					<visible>false</visible>
				</control>
				<control type="button" id="611">
					<description>Fake Button to fix Player Controls Navigation</description>
					<onup>606</onup>
					<ondown>2</ondown>
					<visible>false</visible>
				</control>
				<include>CommonPlayerControls</include>
			</control>
		</control>
		<include>AllViewCommonPageControls</include>
		<control type="group">
			<include>MediaToSubBlades</include>
		</control>
		<include>Common_Now_Playing</include>
	</controls>
</window>