<window id="20">
	<defaultcontrol always="true">50</defaultcontrol>
	<allowoverlay>no</allowoverlay>
	<controls>
		<include>CommonVideoVizBackground</include>
		<control type="group">
			<include>CommonAppsBackground</include>
		</control>
		<control type="group">
			<include>CommonAppsBlackwash</include>
		</control>
		<control type="group">
			<posx>130</posx>
			<animation effect="fade" delay="500" time="HomeVisibleFadeAnimationSpeed">WindowOpen</animation>
			<animation effect="fade" start="0" end="0" time="0">WindowClose</animation>
			<control type="label">
				<description>Header label</description>
				<posx>0</posx>
				<label>$LOCALIZE[0]</label>
				<include>HeaderTextCommons</include>
			</control>
			<control type="group">
				<posx>0</posx>
				<posy>110</posy>
				<include>ListViewCommons</include> <!-- View ID 51 -->
				<include>ThumbnailView</include> <!-- View ID 52 -->
				<include>ThumbnailInfoView</include> <!-- View ID 55 -->
			</control>
		</control>
		<control type="group" id="9000">
			<animation effect="fade" start="0" end="0" time="0">WindowClose</animation>
			<animation effect="slide" time="SideMenuSlideOutTime" start="0,0" end="300,0">Focus</animation>
			<animation effect="slide" delay="SideMenuSlideOutTime" time="SideMenuSlideOutTime" start="300,0" end="0,0">UnFocus</animation>
			<posx>-300</posx>
			<posy>0</posy>
			<control type="image">
				<posx>0</posx>
				<posy>-40</posy>
				<width>160</width>
				<height>800</height>
				<aspectratio>stretch</aspectratio>
				<colordiffuse>EFFFFFFF</colordiffuse>
				<texture>blades-runner-right-edge.png</texture>
			</control>
			<control type="image">
				<posx>160</posx>
				<posy>-40</posy>
				<width>180</width>
				<height>800</height>
				<aspectratio>stretch</aspectratio>
				<colordiffuse>EFFFFFFF</colordiffuse>
				<texture>blades-runner-left1.png</texture>
			</control>
			<control type="group">
				<posx>100</posx>
				<posy>140</posy>
				<visible allowhiddenfocus="true">ControlGroup(9000).HasFocus</visible>
				<animation effect="fade" start="0" end="100" delay="SideMenuSlideOutTime" time="200">Visible</animation>
				<animation effect="fade" start="100" end="0" delay="0" time="SideMenuSlideOutTime">Hidden</animation>
				<control type="label">
					<description>Header Label</description>
					<posx>0</posx>
					<posy>-40</posy>
					<width>220</width>
					<height>20</height>
					<font>font12</font>
					<label>31202</label>
					<textcolor>orange</textcolor>
					<shadowcolor>black</shadowcolor>
					<align>left</align>
					<aligny>middle</aligny>
				</control>
				<control type="button" id="2">
					<description>View As button</description>
					<posx>0</posx>
					<posy>0</posy>
					<include>ButtonCommonValues</include>
					<onleft>50</onleft>
					<onright>50</onright>
					<onup>611</onup>
					<ondown>3</ondown>
				</control>
				<control type="togglebutton" id="3">
					<description>Sort by button</description>
					<posx>2</posx>
					<posy>40</posy>
					<include>ButtonCommonValues</include>
					<alttexturefocus border="4,6,4,8">button-focus.png</alttexturefocus>
					<alttexturenofocus border="4,6,4,8">button-focus.png</alttexturenofocus>
					<usealttexture>Control.HasFocus(4)</usealttexture>
					<label>103</label>
					<onleft>50</onleft>
					<onright>4</onright>
					<onup>2</onup>
					<ondown>610</ondown>
				</control>
				<control type="togglebutton" id="4">
					<description>Sort asc</description>
					<posx>171</posx>
					<posy>40</posy>
					<width>40</width>
					<height>40</height>
					<texturefocus>sortup2-focus.png</texturefocus>
					<texturenofocus>sortup2-nofocus.png</texturenofocus>
					<alttexturefocus>sortdown2-focus.png</alttexturefocus>
					<alttexturenofocus>sortdown2-nofocus.png</alttexturenofocus>
					<onleft>3</onleft>
					<onright>50</onright>
					<onup>2</onup>
					<ondown>610</ondown>
				</control>
				<control type="button" id="610">
					<description>Fake Button to fix Player Controls Navigation</description>
					<onup>3</onup>
					<ondown>603</ondown>
					<visible>false</visible>
				</control>
				<control type="button" id="611">
					<description>Fake Button to fix Player Controls Navigation</description>
					<onup>606</onup>
					<ondown>2</ondown>
					<visible>false</visible>
				</control>
				<include>CommonPlayerControls</include>
			</control>
		</control>
		<include>AllViewCommonPageControls</include>
		<control type="group">
			<include>AppsToSubBlades</include>
		</control>
		<include>Common_Now_Playing</include>
	</controls>
</window>