<window id="2600">
	<defaultcontrol always="true">99</defaultcontrol>
	<allowoverlay>no</allowoverlay>	
	<previouswindow>Weather</previouswindow>
	<animation effect="fade" start="100" end="100" time="30" condition="Control.HasFocus(1)">WindowClose</animation>
	<animation effect="fade" start="100" end="100" time="30" condition="Control.HasFocus(2)">WindowClose</animation>
	<controls>
		<include condition="!Skin.HasSetting(DontBlendBackground)">CommonVideoVizBackground</include>
		<control type="group">
			<animation effect="slide" start="0,0" end="-1280,0" time="HomeBladeAnimationSpeed" condition="Control.HasFocus(1)">Conditional</animation>
			<include>CommonWeatherBackground</include>
		</control>
		<control type="group">
			<visible>Control.HasFocus(1)</visible>
			<animation effect="slide" start="1280,0" end="0,0" time="HomeBladeAnimationSpeed" condition="Control.HasFocus(1)">Conditional</animation>
			<include>CommonAppsBackground</include>
		</control>
		<include condition="Skin.HasSetting(DontBlendBackground)">CommonVideoVizBackground</include>

<!-- Blackwash Background -->
		<control type="group">
			<animation effect="slide" end="50,0" time="0" condition="Control.HasFocus(1)">Conditional</animation>
			<control type="image">
				<description>Background</description>
				<posx>55</posx>
				<posy>0</posy>
				<width>50</width>
				<height>720</height>
				<aspectratio>stretch</aspectratio>
				<texture>background-overlay-blackwash-left-ws.png</texture>
			</control>
			<control type="image">
				<description>Background</description>
				<posx>205r</posx>
				<posy>0</posy>
				<width>50</width>
				<height>720</height>
				<aspectratio>stretch</aspectratio>
				<texture>background-overlay-blackwash-right-ws.png</texture>
			</control>
			<control type="image">
				<description>Background</description>
				<posx>105</posx>
				<posy>0</posy>
				<width>970</width>
				<height>720</height>
				<aspectratio>stretch</aspectratio>
				<texture>background-overlay-blackwash-centertile-ws.png</texture>
			</control>
		</control>
		<control type="group">
			<posx>130</posx>
			<visible>!Control.HasFocus(1)</visible>
			<animation effect="fade" time="HomeVisibleFadeAnimationSpeed">WindowOpen</animation>
			<control type="label">
				<description>Header label</description>
				<posx>0</posx>
				<label>31013</label>
				<include>HeaderTextCommons</include>
			</control>
			<control type="label">
				<description>Time label</description>
				<posx>930</posx>
				<include>ClockTextCommons</include>
			</control>
			<control type="group" id="9000">
				<posx>-30</posx>
				<posy>120</posy>
				<control type="image">
					<description>Button Seperator</description>
					<posx>30</posx>
					<posy>1</posy>
					<width>310</width>
					<height>2</height>
					<texture>divider.png</texture>
				</control>
				<control type="image">
					<description>Button Seperator</description>
					<posx>30</posx>
					<posy>49</posy>
					<width>310</width>
					<height>2</height>
					<texture>divider.png</texture>
				</control>
				<control type="image">
					<description>Button Seperator</description>
					<posx>30</posx>
					<posy>97</posy>
					<width>310</width>
					<height>2</height>
					<texture>divider.png</texture>
				</control>
				<control type="image">
					<description>Button Seperator</description>
					<posx>30</posx>
					<posy>145</posy>
					<width>310</width>
					<height>2</height>
					<texture>divider.png</texture>
				</control>
				<control type="image">
					<description>Button Seperator</description>
					<posx>30</posx>
					<posy>193</posy>
					<width>310</width>
					<height>2</height>
					<texture>divider.png</texture>
				</control>
				<control type="image">
					<description>Location Push Button Highlight</description>
					<texture>systemhomebutton-0.png</texture>
					<visible>Control.HasFocus(3)</visible>
					<include>WeatherButtonHighlightCommonValues</include>
				</control>
				<control type="image">
					<description>Location Push Button Shadow</description>
					<texture>systemhomebutton-0-shadow.png</texture>
					<animation effect="fade" delay="100" time="175">Visible</animation>
					<visible>Control.HasFocus(3)</visible>
					<include>WeatherButtonHighlightCommonValues</include>
				</control>
				<control type="image">
					<description>Location Push Button Icon</description>
					<posx>40</posx>
					<posy>4</posy>
					<width>43</width>
					<height>43</height>
					<texture>special://skin/button_icons/icon-xbmc.png</texture>
					<animation effect="slide" end="ButtonSlideBackDistance,0" time="ButtonSlideBackTime" reversible="false" condition="Control.HasFocus(3)">Conditional</animation>
				</control>
				<control type="label">
					<description>Location Push Button Label Unfocus</description>
					<posx>110</posx>
					<posy>6</posy>
					<width>300</width>
					<height>43</height>
					<label>Location</label>
					<textcolor>white2</textcolor>
					<shadowcolor>-</shadowcolor>
					<font>font30</font>
					<visible>!Control.HasFocus(3)</visible>
				</control>
				<control type="label">
					<description>Location Push Button Label Focus</description>
					<posx>110</posx>
					<posy>6</posy>
					<width>300</width>
					<height>43</height>
					<label>Location</label>
					<textcolor>black</textcolor>
					<shadowcolor>-</shadowcolor>
					<font>font30</font>
					<visible>Control.HasFocus(3)</visible>
					<animation effect="slide" end="ButtonSlideBackDistance,0" time="ButtonSlideBackTime" reversible="false">visible</animation>
				</control>
				<control type="spincontrol" id="3">
					<description>weather location select</description>
					<align>right</align>
					<posx>270</posx>
					<posy>10</posy>
					<font>-</font>
					<reverse>yes</reverse>
					<onup>4</onup>
					<ondown>99</ondown>
					<onleft>-</onleft>
					<onright>1</onright>
					<textoffsety>-12</textoffsety>
					<disabledcolor>grey</disabledcolor>
					<animation effect="slide" end="ButtonSlideBackDistance,0" time="ButtonSlideBackTime" reversible="false">focus</animation>
				</control>
				<control type="image">
					<description>Refresh Push Button Highlight</description>
					<texture>systemhomebutton-1.png</texture>
					<visible>Control.HasFocus(99)</visible>
					<include>WeatherButtonHighlightCommonValues</include>
				</control>
				<control type="image">
					<description>Refresh Push Button Shadow</description>
					<texture>systemhomebutton-1-shadow.png</texture>
					<animation effect="fade" delay="100" time="175">Visible</animation>
					<visible>Control.HasFocus(99)</visible>
					<include>WeatherButtonHighlightCommonValues</include>
				</control>
				<control type="radiobutton" id="99">
					<description>Forcast/Current Highlight Button</description>
					<posy>52</posy>
					<label>31022</label>
					<altlabel>Current</altlabel>
					<texturefocus>special://skin/button_icons/icon-weather.png</texturefocus>
					<texturenofocus>special://skin/button_icons/icon-weather.png</texturenofocus>
					<selected>Skin.HasSetting(WeatherUseForcast)</selected>
					<onclick>Skin.ToggleSetting(WeatherUseForcast)</onclick>
					<radioposx>265</radioposx>
					<onup>3</onup>
					<ondown>2</ondown>
					<include>WeatherButtonCommonValues</include>
				</control>
				<control type="image">
					<description>Refresh Push Button Highlight</description>
					<texture>systemhomebutton-2.png</texture>
					<visible>Control.HasFocus(2)</visible>
					<include>WeatherButtonHighlightCommonValues</include>
				</control>
				<control type="image">
					<description>Refresh Push Button Shadow</description>
					<texture>systemhomebutton-2-shadow.png</texture>
					<animation effect="fade" delay="100" time="175">Visible</animation>
					<visible>Control.HasFocus(2)</visible>
					<include>WeatherButtonHighlightCommonValues</include>
				</control>
				<control type="button" id="2">
					<description>Refresh Push Button</description>
					<posy>100</posy>
					<label>-</label>
					<texturefocus>special://skin/button_icons/icon-refresh.png</texturefocus>
					<texturenofocus>special://skin/button_icons/icon-refresh.png</texturenofocus>
					<onup>99</onup>
					<ondown>4</ondown>
					<include>WeatherButtonCommonValues</include>
				</control>
				<control type="image">
					<description>Settings Push Button Highlight</description>
					<texture>systemhomebutton-3.png</texture>
					<visible>Control.HasFocus(4)</visible>
					<include>WeatherButtonHighlightCommonValues</include>
				</control>
				<control type="image">
					<description>Refresh Push Button Shadow</description>
					<texture>systemhomebutton-3-shadow.png</texture>
					<animation effect="fade" delay="100" time="175">Visible</animation>
					<visible>Control.HasFocus(4)</visible>
					<include>WeatherButtonHighlightCommonValues</include>
				</control>
				<control type="button" id="4">
					<description>Settings Push Button</description>
					<posy>148</posy>
					<label>5</label>
					<texturefocus>special://skin/button_icons/icon-custom.png</texturefocus>
					<texturenofocus>special://skin/button_icons/icon-custom.png</texturenofocus>
					<onclick>ActivateWindow(MyWeatherSettings)</onclick>
					<onup>2</onup>
					<ondown>3</ondown>
					<include>WeatherButtonCommonValues</include>
				</control>
			</control>
			<control type="group">
				<posx>340</posx>
				<posy>110</posy>
				<visible>!Skin.HasSetting(WeatherUseForcast)</visible>
				<include>VisibleFadeEffect</include>
				<control type="label">
					<description>weather location label</description>
					<posx>590</posx>
					<posy>0</posy>
					<width>800</width>
					<height>45</height>
					<font>font13</font>
					<align>right</align>
					<aligny>center</aligny>
					<textcolor>white</textcolor>
					<shadowcolor>black</shadowcolor>
					<label>$INFO[Weather.Location][CR]$LOCALIZE[31023] $INFO[Window.Property(Updated)]</label>
				</control>
				<control type="image">
					<description>current weather icon</description>
					<posx>0</posx>
					<posy>40</posy>
					<height>230</height>
					<width>230</width>
					<info>Window.Property(Current.ConditionIcon)</info>
					<aspectratio>keep</aspectratio>
				</control>
				<control type="label">
					<description>current temp label</description>
					<posx>250</posx>
					<posy>80</posy>
					<width>350</width>
					<height>30</height>
					<font>font13</font>
					<align>center</align>
					<aligny>center</aligny>
					<textcolor>grey</textcolor>
					<shadowcolor>black</shadowcolor>
					<label>31024</label>
				</control>
				<control type="grouplist">
					<posx>250</posx>
					<posy>65</posy>
					<width>350</width>
					<height>230</height>
					<orientation>horizontal</orientation>
					<align>center</align>
					<itemgap>5</itemgap>
					<control type="label">
						<description>current temp Value</description>
						<width min="0" max="300">auto</width>
						<height>170</height>
						<font>font60</font>
						<aligny>center</aligny>
						<label>$INFO[Window.Property(Current.Temperature)]</label>
						<textcolor>white</textcolor>
						<shadowcolor>black</shadowcolor>
					</control>
					<control type="label">
						<description>current temp Value</description>
						<width min="0" max="100">auto</width>
						<height>140</height>
						<font>font16</font>
						<aligny>center</aligny>
						<label>$INFO[System.TemperatureUnits]</label>
						<textcolor>white</textcolor>
						<shadowcolor>black</shadowcolor>
					</control>
				</control>
				<control type="label">
					<description>current conditions label</description>
					<posx>250</posx>
					<posy>190</posy>
					<width>350</width>
					<height>30</height>
					<font>font16</font>
					<align>center</align>
					<aligny>center</aligny>
					<textcolor>white</textcolor>
					<shadowcolor>black</shadowcolor>
					<label>$INFO[Window.Property(Current.Condition)]</label>
					<wrapmultiline>true</wrapmultiline>
				</control>
				<control type="image">
					<description>Divider</description>
					<posx>0</posx>
					<posy>300</posy>
					<width>580</width>
					<height>2</height>
					<texture>divider.png</texture>
				</control>
				<control type="label">
					<description>current feels like label</description>
					<posx>140</posx>
					<posy>320</posy>
					<width>140</width>
					<height>35</height>
					<font>font13</font>
					<align>right</align>
					<aligny>center</aligny>
					<label>$LOCALIZE[402] :</label>
					<textcolor>grey2</textcolor>
					<shadowcolor>black</shadowcolor>
				</control>
				<control type="label">
					<description>current dew label</description>
					<posx>140</posx>
					<posy>350</posy>
					<width>140</width>
					<height>35</height>
					<font>font13</font>
					<align>right</align>
					<aligny>center</aligny>
					<label>$LOCALIZE[405] :</label>
					<textcolor>grey2</textcolor>
					<shadowcolor>black</shadowcolor>
				</control>
				<control type="label">
					<description>current humidity label</description>
					<posx>140</posx>
					<posy>380</posy>
					<width>140</width>
					<height>35</height>
					<font>font13</font>
					<align>right</align>
					<aligny>center</aligny>
					<label>$LOCALIZE[406] :</label>
					<textcolor>grey2</textcolor>
					<shadowcolor>black</shadowcolor>
				</control>
				<control type="label">
					<description>current UV Index label</description>
					<posx>140</posx>
					<posy>410</posy>
					<width>140</width>
					<height>35</height>
					<font>font13</font>
					<align>right</align>
					<aligny>center</aligny>
					<label>$LOCALIZE[403] :</label>
					<textcolor>grey2</textcolor>
					<shadowcolor>black</shadowcolor>
				</control>
				<control type="label">
					<description>current Wind label</description>
					<posx>140</posx>
					<posy>440</posy>
					<width>140</width>
					<height>35</height>
					<font>font13</font>
					<align>right</align>
					<aligny>center</aligny>
					<label>$LOCALIZE[404] :</label>
					<textcolor>grey2</textcolor>
					<shadowcolor>black</shadowcolor>
				</control>
				<control type="label">
					<description>current feels like Value</description>
					<posx>160</posx>
					<posy>320</posy>
					<height>35</height>
					<width>420</width>
					<font>font13</font>
					<align>left</align>
					<aligny>center</aligny>
					<label>$INFO[Window.Property(Current.FeelsLike)]$INFO[System.TemperatureUnits]</label>
					<textcolor>white</textcolor>
					<shadowcolor>black</shadowcolor>
				</control>
				<control type="label">
					<description>current dew Value</description>
					<posx>160</posx>
					<posy>350</posy>
					<height>35</height>
					<width>420</width>
					<font>font13</font>
					<align>left</align>
					<aligny>center</aligny>
					<label>$INFO[Window.Property(Current.DewPoint)]$INFO[System.TemperatureUnits]</label>
					<textcolor>white</textcolor>
					<shadowcolor>black</shadowcolor>
				</control>
				<control type="label">
					<description>current humidity Value</description>
					<posx>160</posx>
					<posy>380</posy>
					<height>35</height>
					<width>420</width>
					<font>font13</font>
					<align>left</align>
					<aligny>center</aligny>
					 <label>$INFO[Window.Property(Current.Humidity),,%]</label>
					<textcolor>white</textcolor>
					<shadowcolor>black</shadowcolor>
				</control>
				<control type="label">
					<description>current UV Index Value</description>
					<posx>160</posx>
					<posy>410</posy>
					<height>35</height>
					<width>420</width>
					<font>font13</font>
					<align>left</align>
					<aligny>center</aligny>
					<label>$INFO[Window.Property(Current.UVIndex)]</label>
					<textcolor>white</textcolor>
					<shadowcolor>black</shadowcolor>
				</control>
				<control type="label">
					<description>current Wind Value</description>
					<posx>160</posx>
					<posy>440</posy>
					<height>35</height>
					<width>420</width>
					<font>font13</font>
					<align>left</align>
					<aligny>center</aligny>
					<label>$INFO[Window.Property(Current.Wind)]$INFO[Window.Property(Current.WindGust),[CR](,)]</label>
					<textcolor>white</textcolor>
					<shadowcolor>black</shadowcolor>
				</control>
			</control>
			<control type="group">
				<posx>340</posx>
				<posy>140</posy>
				<visible>Skin.HasSetting(WeatherUseForcast)</visible>
				<include>VisibleFadeEffect</include>
				<control type="label">
					<description>weather location label</description>
					<posx>0</posx>
					<posy>-35</posy>
					<width>580</width>
					<height>20</height>
					<font>font13</font>
					<align>center</align>
					<aligny>center</aligny>
					<textcolor>grey2</textcolor>
					<shadowcolor>black</shadowcolor>
					<label>$INFO[Window.Property(Location)]</label>
				</control>
				<control type="image">
					<description>Divider</description>
					<posx>0</posx>
					<posy>-5</posy>
					<width>580</width>
					<height>2</height>
					<texture>divider.png</texture>
				</control>
				<control type="group">
					<description>day 0</description>
					<posx>0</posx>
					<posy>0</posy>
					<control type="label">
						<description>Day label</description>
						<posx>0</posx>
						<posy>0</posy>
						<width>420</width>
						<height>35</height>
						<font>font16</font>
						<info>Window.Property(Day0.Title)</info>
						<align>left</align>
						<aligny>center</aligny>
						<textcolor>white</textcolor>
						<shadowcolor>black</shadowcolor>
					</control>
					<control type="image">
						<description>day icon</description>
						<posx>440</posx>
						<posy>0</posy>
						<height>110</height>
						<width>110</width>
						<info>Window.Property(Day0.OutlookIcon)</info>
						<aspectratio align="right">keep</aspectratio>
					</control>
					<control type="label">
						<description>high label</description>
						<posx>40</posx>
						<posy>40</posy>
						<height>20</height>
						<font>font16</font>
						<align>left</align>
						<aligny>center</aligny>
						<label>$LOCALIZE[393] :</label>
						<textcolor>grey2</textcolor>
						
						<shadowcolor>black</shadowcolor>
					</control>
					<control type="label">
						<description>high value</description>
						<posx>110</posx>
						<posy>40</posy>
						<height>20</height>
						<label>$INFO[Window.Property(Day0.HighTemp)]$INFO[System.TemperatureUnits]</label>
						<font>font16</font>
						<align>left</align>
						<aligny>center</aligny>
						<textcolor>white</textcolor>
						<shadowcolor>black</shadowcolor>
					</control>
					<control type="label">
						<description>low label</description>
						<posx>220</posx>
						<posy>40</posy>
						<height>20</height>
						<font>font16</font>
						<align>left</align>
						<aligny>center</aligny>
						<label>$LOCALIZE[391] :</label>
						<textcolor>grey2</textcolor>
						
						<shadowcolor>black</shadowcolor>
					</control>
					<control type="label">
						<description>low value</description>
						<posx>290</posx>
						<posy>40</posy>
						<height>20</height>
						<label>$INFO[Window.Property(Day0.LowTemp)]$INFO[System.TemperatureUnits]</label>
						<font>font16</font>
						<align>left</align>
						<aligny>center</aligny>
						<textcolor>white</textcolor>
						<shadowcolor>black</shadowcolor>
					</control>
					<control type="label">
						<description>conditions label</description>
						<posx>40</posx>
						<posy>75</posy>
						<width>320</width>
						<height>20</height>
						<info>Window.Property(Day0.Outlook)</info>
						<font>font13</font>
						<align>left</align>
						<aligny>center</aligny>
						<textcolor>grey2</textcolor>
						<shadowcolor>black</shadowcolor>
					</control>
				</control>
				<control type="image">
					<description>Divider</description>
					<posx>0</posx>
					<posy>115</posy>
					<width>580</width>
					<height>2</height>
					<texture>divider.png</texture>
				</control>
				<control type="group">
					<description>day 1</description>
					<posx>0</posx>
					<posy>120</posy>
					<control type="label">
						<description>Day label</description>
						<posx>0</posx>
						<posy>0</posy>
						<width>420</width>
						<height>35</height>
						<font>font16</font>
						<info>Window.Property(Day1.Title)</info>
						<align>left</align>
						<aligny>center</aligny>
						<textcolor>white</textcolor>
						<shadowcolor>black</shadowcolor>
					</control>
					<control type="image">
						<description>day icon</description>
						<posx>440</posx>
						<posy>0</posy>
						<height>110</height>
						<width>110</width>
						<info>Window.Property(Day1.OutlookIcon)</info>
						<aspectratio align="right">keep</aspectratio>
					</control>
					<control type="label">
						<description>high label</description>
						<posx>40</posx>
						<posy>40</posy>
						<height>20</height>
						<font>font16</font>
						<align>left</align>
						<aligny>center</aligny>
						<label>$LOCALIZE[393] :</label>
						<textcolor>grey2</textcolor>
						<shadowcolor>black</shadowcolor>
						
					</control>
					<control type="label">
						<description>high value</description>
						<posx>110</posx>
						<posy>40</posy>
						<height>20</height>
						<label>$INFO[Window.Property(Day1.HighTemp)]$INFO[System.TemperatureUnits]</label>
						<font>font16</font>
						<align>left</align>
						<aligny>center</aligny>
						<textcolor>white</textcolor>
						<shadowcolor>black</shadowcolor>
					</control>
					<control type="label">
						<description>low label</description>
						<posx>220</posx>
						<posy>40</posy>
						<height>20</height>
						<font>font16</font>
						<align>left</align>
						<aligny>center</aligny>
						<label>$LOCALIZE[391] :</label>
						<textcolor>grey2</textcolor>
						<shadowcolor>black</shadowcolor>
					
					</control>
					<control type="label">
						<description>low value</description>
						<posx>290</posx>
						<posy>40</posy>
						<height>20</height>
						<label>$INFO[Window.Property(Day1.LowTemp)]$INFO[System.TemperatureUnits]</label>
						<font>font16</font>
						<align>left</align>
						<aligny>center</aligny>
						<textcolor>white</textcolor>
						<shadowcolor>black</shadowcolor>
					</control>
					<control type="label">
						<description>conditions label</description>
						<posx>40</posx>
						<posy>75</posy>
						<width>320</width>
						<height>20</height>
						<info>Window.Property(Day1.Outlook)</info>
						<font>font13</font>
						<align>left</align>
						<aligny>center</aligny>
						<textcolor>grey2</textcolor>
						<shadowcolor>black</shadowcolor>
					</control>
				</control>
				<control type="image">
					<description>Divider</description>
					<posx>0</posx>
					<posy>235</posy>
					<width>580</width>
					<height>2</height>
					<texture>divider.png</texture>
				</control>
				<control type="group">
					<description>day 2</description>
					<posx>0</posx>
					<posy>240</posy>
					<control type="label">
						<description>Day label</description>
						<posx>0</posx>
						<posy>0</posy>
						<width>420</width>
						<height>35</height>
						<font>font16</font>
						<info>Window.Property(Day2.Title)</info>
						<align>left</align>
						<aligny>center</aligny>
						<textcolor>white</textcolor>
						<shadowcolor>black</shadowcolor>
					</control>
					<control type="image">
						<description>day icon</description>
						<posx>440</posx>
						<posy>0</posy>
						<height>110</height>
						<width>110</width>
						<info>Window.Property(Day2.OutlookIcon)</info>
						<aspectratio align="right">keep</aspectratio>
					</control>
					<control type="label">
						<description>high label</description>
						<posx>40</posx>
						<posy>40</posy>
						<height>20</height>
						<font>font16</font>
						<align>left</align>
						<aligny>center</aligny>
						<label>$LOCALIZE[393] :</label>
						<textcolor>grey2</textcolor>
						<shadowcolor>black</shadowcolor>
						
					</control>
					<control type="label">
						<description>high value</description>
						<posx>110</posx>
						<posy>40</posy>
						<height>20</height>
						<label>$INFO[Window.Property(Day2.HighTemp)]$INFO[System.TemperatureUnits]</label>
						<font>font16</font>
						<align>left</align>
						<aligny>center</aligny>
						<textcolor>white</textcolor>
						<shadowcolor>black</shadowcolor>
					</control>
					<control type="label">
						<description>low label</description>
						<posx>220</posx>
						<posy>40</posy>
						<height>20</height>
						<font>font16</font>
						<align>left</align>
						<aligny>center</aligny>
						<label>$LOCALIZE[391] :</label>
						<textcolor>grey2</textcolor>
						<shadowcolor>black</shadowcolor>
						
					</control>
					<control type="label">
						<description>low value</description>
						<posx>290</posx>
						<posy>40</posy>
						<height>20</height>
						<label>$INFO[Window.Property(Day2.LowTemp)]$INFO[System.TemperatureUnits]</label>
						<font>font16</font>
						<align>left</align>
						<aligny>center</aligny>
						<textcolor>white</textcolor>
						<shadowcolor>black</shadowcolor>
					</control>
					<control type="label">
						<description>conditions label</description>
						<posx>40</posx>
						<posy>75</posy>
						<width>320</width>
						<height>20</height>
						<info>Window.Property(Day2.Outlook)</info>
						<font>font13</font>
						<align>left</align>
						<aligny>center</aligny>
						<textcolor>grey2</textcolor>
						<shadowcolor>black</shadowcolor>
					</control>
				</control>
				<control type="image">
					<description>Divider</description>
					<posx>0</posx>
					<posy>355</posy>
					<width>580</width>
					<height>2</height>
					<texture>divider.png</texture>
				</control>
				<control type="group">
					<description>day 3</description>
					<posx>0</posx>
					<posy>360</posy>
					<control type="label">
						<description>Day label</description>
						<posx>0</posx>
						<posy>0</posy>
						<width>420</width>
						<height>35</height>
						<font>font16</font>
						<info>Window.Property(Day3.Title)</info>
						<align>left</align>
						<aligny>center</aligny>
						<textcolor>white</textcolor>
						<shadowcolor>black</shadowcolor>
					</control>
					<control type="image">
						<description>day icon</description>
						<posx>440</posx>
						<posy>0</posy>
						<height>110</height>
						<width>110</width>
						<info>Window.Property(Day3.OutlookIcon)</info>
						<aspectratio align="right">keep</aspectratio>
					</control>
					<control type="label">
						<description>high label</description>
						<posx>40</posx>
						<posy>40</posy>
						<height>20</height>
						<font>font16</font>
						<align>left</align>
						<aligny>center</aligny>
						<label>$LOCALIZE[393] :</label>
						<textcolor>grey2</textcolor>
						<shadowcolor>black</shadowcolor>
						
					</control>
					<control type="label">
						<description>high value</description>
						<posx>110</posx>
						<posy>40</posy>
						<height>20</height>
						<label>$INFO[Window.Property(Day3.HighTemp)]$INFO[System.TemperatureUnits]</label>
						<font>font16</font>
						<align>left</align>
						<aligny>center</aligny>
						<textcolor>white</textcolor>
						<shadowcolor>black</shadowcolor>
					</control>
					<control type="label">
						<description>low label</description>
						<posx>220</posx>
						<posy>40</posy>
						<height>20</height>
						<font>font16</font>
						<align>left</align>
						<aligny>center</aligny>
						<label>$LOCALIZE[391] :</label>
						<textcolor>grey2</textcolor>
						<shadowcolor>black</shadowcolor>

					</control>
					<control type="label">
						<description>low value</description>
						<posx>290</posx>
						<posy>40</posy>
						<height>20</height>
						<label>$INFO[Window.Property(Day3.LowTemp)]$INFO[System.TemperatureUnits]</label>
						<font>font16</font>
						<align>left</align>
						<aligny>center</aligny>
						<textcolor>white</textcolor>
						<shadowcolor>black</shadowcolor>
					</control>
					<control type="label">
						<description>conditions label</description>
						<posx>40</posx>
						<posy>75</posy>
						<width>320</width>
						<height>20</height>
						<info>Window.Property(Day3.Outlook)</info>
						<font>font13</font>
						<align>left</align>
						<aligny>center</aligny>
						<textcolor>grey2</textcolor>
						<shadowcolor>black</shadowcolor>
					</control>
				</control>
			</control>
		</control>


		<control type="button" id="1">
			<description>Blank Blade Slide Left</description>
			<posx>80r</posx>
			<posy>0</posy>
			<width>160</width>
			<height>720</height>
			<texturefocus>blades-blank-right.png</texturefocus>
			<onfocus>ActivateWindow(1111)</onfocus>
			<animation effect="slide" end="-1280,0" time="HomeBladeAnimationSpeed">focus</animation>
			<hitrect x="-10" y="-10" w="1" h="1" />
		</control>

		<control type="group">
			<description>Weather Blades</description>
			<visible>!Control.HasFocus(1)</visible>
			<!-- Left side -->
			<control type="image">
				<posx>-110</posx>
				<posy>-40</posy>
				<width>180</width>
				<height>800</height>
				<aspectratio>stretch</aspectratio>
				<texture>blades-runner-left.png</texture>
			</control>
			<control type="image">
				<posx>0</posx>
				<posy>-40</posy>
				<width>115</width>
				<height>800</height>
				<aspectratio>stretch</aspectratio>
				<texture>blades-size4-header.png</texture>
			</control>
			<control type="label">
				<description>Weather Label</description>
				<label>31004</label>
				<posx>90</posx>
				<posy>170</posy>
				<font>font16</font>
				<textcolor>black</textcolor>
				<align>left</align>
				<aligny>middle</aligny>
				<angle>270</angle>
			</control>
			<!-- Right side -->
			<control type="image">
				<posx>65r</posx>
				<posy>-40</posy>
				<width>180</width>
				<height>800</height>
				<aspectratio>stretch</aspectratio>
				<texture>blades-runner-right.png</texture>
			</control>
			<control type="image">
				<posx>115r</posx>
				<posy>-40</posy>
				<width>115</width>
				<height>800</height>
				<aspectratio>stretch</aspectratio>
				<texture>blades-size1-right-NF.png</texture>
			</control>
			<control type="label">
				<description>System Label</description>
				<label>31003</label>
				<posx>50r</posx>
				<posy>210</posy>
				<font>font16</font>
				<textcolor>black</textcolor>
				<align>left</align>
				<aligny>middle</aligny>
				<angle>270</angle>
			</control>
			<control type="image">
				<posx>165r</posx>
				<posy>-40</posy>
				<width>115</width>
				<height>800</height>
				<aspectratio>stretch</aspectratio>
				<texture>blades-size2-right-NF.png</texture>
			</control>
			<control type="label">
				<description>Media Label</description>
				<label>31001</label>
				<posx>100r</posx>
				<posy>200</posy>
				<font>font16</font>
				<textcolor>black</textcolor>
				<align>left</align>
				<aligny>middle</aligny>
				<angle>270</angle>
			</control>
			<control type="image">
				<posx>215r</posx>
				<posy>-40</posy>
				<width>115</width>
				<height>800</height>
				<aspectratio>stretch</aspectratio>
				<texture>blades-size3-right-NF.png</texture>
			</control>
			<control type="label">
				<description>Apps Label</description>
				<label>31002</label>
				<posx>150r</posx>
				<posy>190</posy>
				<font>font16</font>
				<textcolor>black</textcolor>
				<align>left</align>
				<aligny>middle</aligny>
				<angle>270</angle>
			</control>
		</control>

		<control type="group">
			<description>Apps Blades</description>
			<visible>Control.HasFocus(1)</visible>
			<!-- Left side -->
			<control type="image">
				<posx>-110</posx>
				<posy>-40</posy>
				<width>180</width>
				<height>800</height>
				<aspectratio>stretch</aspectratio>
				<texture>blades-runner-left.png</texture>
			</control>
			<control type="image">
				<posx>0</posx>
				<posy>-40</posy>
				<width>115</width>
				<height>800</height>
				<aspectratio>stretch</aspectratio>
				<texture>blades-size3-left-NF.png</texture>
			</control>
			<control type="label">
				<description>weather Label</description>
				<label>31004</label>
				<posx>90</posx>
				<posy>190</posy>
				<font>font16</font>
				<textcolor>black</textcolor>
				<align>left</align>
				<aligny>middle</aligny>
				<angle>270</angle>
			</control>
			<control type="image">
				<posx>50</posx>
				<posy>-40</posy>
				<width>115</width>
				<height>800</height>
				<aspectratio>stretch</aspectratio>
				<texture>blades-size4-header.png</texture>
				<visible>Control.HasFocus(1)</visible>
				<animation effect="fade" time="HomeBladeAnimationSpeed">visible</animation>
			</control>
			<control type="label">
				<description>Applications Label</description>
				<label>31002</label>
				<posx>140</posx>
				<posy>170</posy>
				<font>font16</font>
				<textcolor>black</textcolor>
				<align>left</align>
				<aligny>middle</aligny>
				<angle>270</angle>
				<visible>Control.HasFocus(1)</visible>
				<animation effect="fade" time="HomeBladeAnimationSpeed">visible</animation>
			</control>
			<!-- Right side -->
			<control type="image">
				<posx>65r</posx>
				<posy>-40</posy>
				<width>180</width>
				<height>800</height>
				<aspectratio>stretch</aspectratio>
				<texture>blades-runner-right.png</texture>
			</control>
			<control type="image">
				<posx>115r</posx>
				<posy>-40</posy>
				<width>115</width>
				<height>800</height>
				<aspectratio>stretch</aspectratio>
				<texture>blades-size2-right-NF.png</texture>
			</control>
			<control type="label">
				<description>System Label</description>
				<label>31003</label>
				<posx>50r</posx>
				<posy>200</posy>
				<font>font16</font>
				<textcolor>black</textcolor>
				<align>left</align>
				<aligny>middle</aligny>
				<angle>270</angle>
			</control>
			<control type="image">
				<posx>165r</posx>
				<posy>-40</posy>
				<width>115</width>
				<height>800</height>
				<aspectratio>stretch</aspectratio>
				<texture>blades-size3-right-NF.png</texture>
			</control>
			<control type="label">
				<description>Media Label</description>
				<label>31001</label>
				<posx>100r</posx>
				<posy>190</posy>
				<font>font16</font>
				<textcolor>black</textcolor>
				<align>left</align>
				<aligny>middle</aligny>
				<angle>270</angle>
			</control>
		</control>
		<include>Common_Now_Playing</include>
	</controls>
</window>