<window id="130">
	<defaultcontrol>1</defaultcontrol>
	<coordinates>
		<system>1</system>
		<posx>290</posx>
		<posy>35</posy>
	</coordinates>
	<include>dialogeffect</include>
	<controls>
		<control type="group">
			<animation effect="fade" start="100" end="0" time="200" condition="Window.IsActive(LockSettings)">Conditional</animation>
			<control type="image">
				<description>background image</description>
				<posx>0</posx>
				<posy>0</posy>
				<width>700</width>
				<height>650</height>
				<texture border="50,100,50,50">Dialog.png</texture>
			</control>
			<control type="label">
				<description>heading label</description>
				<posx>50</posx>
				<posy>50</posy>
				<width>600</width>
				<height>30</height>
				<align>center</align>
				<aligny>center</aligny>
				<font>font16</font>
				<label>$INFO[Window.Property(heading)]</label>
				<textcolor>orange</textcolor>
			</control>
			<control type="group">
				<posx>50</posx>
				<posy>100</posy>
				<control type="image" id="2">
					<description>profile image</description>
					<posx>0</posx>
					<posy>0</posy>
					<width>180</width>
					<height>150</height>
					<align>left</align>
					<aspectratio>keep</aspectratio>
					<texture>unknown-user.png</texture>
					<bordertexture border="19,3,19,3">thumb-border.png</bordertexture>
					<bordersize>18,2,18,2</bordersize>
				</control>
				<control type="label">
					<description>profile name label</description>
					<posx>200</posx>
					<posy>0</posy>
					<width>350</width>
					<align>left</align>
					<font>font13</font>
					<textcolor>grey</textcolor>
					<label>$LOCALIZE[20093]</label>
				</control>
				<control type="label" id="1000">
					<description>profile name Value</description>
					<posx>200</posx>
					<posy>30</posy>
					<width>350</width>
					<align>left</align>
					<font>font16</font>
					<textcolor>white</textcolor>
				</control>
				<control type="label">
					<description>profile directory label</description>
					<posx>200</posx>
					<posy>80</posy>
					<width>350</width>
					<align>left</align>
					<font>font13</font>
					<textcolor>grey</textcolor>
					<label>$LOCALIZE[20070]</label>
				</control>
				<control type="label" id="1001">
					<description>profile directory Value</description>
					<posx>200</posx>
					<posy>110</posy>
					<width>350</width>
					<align>left</align>
					<font>font13</font>
					<haspath>true</haspath>
					<textcolor>white</textcolor>
				</control>
			</control>
			<control type="grouplist" id="5">
				<description>control area</description>
				<posx>50</posx>
				<posy>270</posy>
				<width>600</width>
				<height>270</height>
				<itemgap>0</itemgap>
				<pagecontrol>-</pagecontrol>
				<onleft>28</onleft>
				<onright>60</onright>
				<onup>28</onup>
				<ondown>28</ondown>
			</control>
			<control type="button" id="28">
				<description>Ok Button</description>
				<posx>147</posx>
				<posy>560</posy>
				<width>200</width>
				<height>45</height>
				<align>center</align>
				<aligny>center</aligny>
				<texturefocus border="10">button-focus.png</texturefocus>
				<texturenofocus border="10">button-nofocus.png</texturenofocus>
				<label>186</label>
				<onleft>29</onleft>
				<onright>29</onright>
				<onup>5</onup>
				<ondown>5</ondown>
			</control>
			<control type="button" id="29">
				<description>Cancel Button</description>
				<posx>352</posx>
				<posy>560</posy>
				<width>200</width>
				<height>45</height>
				<align>center</align>
				<aligny>center</aligny>
				<texturefocus border="10">button-focus.png</texturefocus>
				<texturenofocus border="10">button-nofocus.png</texturenofocus>
				<label>222</label>
				<onleft>28</onleft>
				<onright>28</onright>
				<onup>5</onup>
				<ondown>5</ondown>
			</control>
		</control>
		<control type="button" id="7">
			<description>Default Button</description>
			<posx>0</posx>
			<posy>0</posy>
			<height>45</height>
			<font>font13</font>
			<textcolor>white</textcolor>
			<focusedcolor>black</focusedcolor>
			<textoffsetx>10</textoffsetx>
			<texturefocus border="10">list-focus.png</texturefocus>
			<texturenofocus border="10">list-nofocus.png</texturenofocus>
			<pulseonselect>no</pulseonselect>
		</control>
		<control type="radiobutton" id="8">
			<description>Default RadioButton</description>
			<posx>0</posx>
			<posy>0</posy>
			<height>45</height>
			<font>font13</font>
			<textcolor>white</textcolor>
			<focusedcolor>black</focusedcolor>
			<texturefocus border="10">list-focus.png</texturefocus>
			<texturenofocus border="10">list-nofocus.png</texturenofocus>
			<textoffsetx>10</textoffsetx>
			<radioposx>750</radioposx>
			<pulseonselect>no</pulseonselect>
		</control>
		<control type="spincontrolex" id="9">
			<description>Default SpinControlex</description>
			<posx>0</posx>
			<posy>0</posy>
			<height>45</height>
			<texturefocus border="10">list-focus.png</texturefocus>
			<texturenofocus border="10">list-nofocus.png</texturenofocus>
			<font>font13</font>
			<textcolor>white</textcolor>
			<focusedcolor>black</focusedcolor>
			<focusedcolor2>black</focusedcolor2>
			<disabledcolor>disabled</disabledcolor>
			<textoffsetx>10</textoffsetx>
			<spinposx>10</spinposx>
			<aligny>center</aligny>
			<reverse>yes</reverse>
			<pulseonselect>no</pulseonselect>
		</control>
		<control type="sliderex" id="10">
			<description>Default Slider</description>
			<height>45</height>
			<texturefocus border="10">list-focus.png</texturefocus>
			<texturenofocus border="10">list-nofocus.png</texturenofocus>
			<font>font13</font>
			<textcolor>white</textcolor>
			<focusedcolor>black</focusedcolor>
		</control>
		<control type="image" id="11">
			<description>Default Seperator</description>
			<height>5</height>
			<texture>separator.png</texture>
		</control>
	</controls>
</window>
