<includes>
	<include name="ListViewCommons">
		<control type="panel" id="50">
			<posx>0</posx>
			<posy>0</posy>
			<width>615</width>
			<height>480</height>
			<onleft>9000</onleft>
			<onright>60</onright>
			<onup>50</onup>
			<ondown>50</ondown>
			<viewtype label="535">list</viewtype>
			<pagecontrol>60</pagecontrol>
			<scrolltime>200</scrolltime>
			<itemlayout height="40" width="615">
				<control type="label">
					<posx>10</posx>
					<posy>0</posy>
					<width>520</width>
					<height>36</height>
					<font>font13</font>
					<aligny>center</aligny>
					<selectedcolor>orange</selectedcolor>
					<shadowcolor>black</shadowcolor>
					<align>left</align>
					<info>ListItem.Label</info>
				</control>
				<control type="label">
					<posx>605</posx>
					<posy>0</posy>
					<width>400</width>
					<height>36</height>
					<font>font13</font>
					<aligny>center</aligny>
					<selectedcolor>orange</selectedcolor>
					<textcolor>white</textcolor>
					<shadowcolor>black</shadowcolor>
					<align>right</align>
					<info>ListItem.Label2</info>
				</control>
			</itemlayout>
			<focusedlayout height="40" width="615">
				<control type="image">
					<posx>0</posx>
					<posy>0</posy>
					<width>615</width>
					<height>40</height>
					<texture border="10">list-focus.png</texture>
				</control>
				<control type="label">
					<posx>10</posx>
					<posy>0</posy>
					<width>520</width>
					<height>36</height>
					<font>font13</font>
					<aligny>center</aligny>
					<textcolor>black</textcolor>
					<selectedcolor>orange</selectedcolor>
					<shadowcolor>black</shadowcolor>
					<align>left</align>
					<info>ListItem.Label</info>
				</control>
				<control type="label">
					<posx>605</posx>
					<posy>0</posy>
					<width>400</width>
					<height>36</height>
					<font>font13</font>
					<aligny>center</aligny>
					<textcolor>black</textcolor>
					<selectedcolor>orange</selectedcolor>
					<shadowcolor>black</shadowcolor>
					<align>right</align>
					<info>ListItem.Label2</info>
				</control>
			</focusedlayout>
		</control>
		<control type="group">
			<posx>640</posx>
			<posy>20</posy>
			<visible>Control.IsVisible(50)</visible>
			<control type="image">
				<posx>0</posx>
				<posy>0</posy>
				<width>420</width>
				<height>440</height>
				<aspectratio>keep</aspectratio>
				<texture background="true">$INFO[Listitem.Icon]</texture>
				<bordertexture border="19,3,19,3">thumb-border.png</bordertexture>
				<bordersize>18,2,18,2</bordersize>
				<fadetime>IconCrossfadeTime</fadetime>
			</control>
			<control type="image">
				<posx>480</posx>
				<posy>465</posy>
				<width>64</width>
				<height>64</height>
				<colordiffuse>FFFFFFFF</colordiffuse>
				<aspectratio>keep</aspectratio>
				<info>Listitem.Overlay</info>
			</control>
		</control>
	</include>
	<include name="ThumbnailView">
		<control type="panel" id="52">
			<visible>![Window.IsVisible(VideoLibrary) + Container.Content(TVShows)]</visible>
			<posx>0</posx>
			<posy>0</posy>
			<width>1080</width>
			<height>480</height>
			<onleft>9000</onleft>
			<onright>60</onright>
			<onup>52</onup>
			<ondown>52</ondown>
			<viewtype label="21371">icon</viewtype>
			<pagecontrol>60</pagecontrol>
			<scrolltime>200</scrolltime>
			<preloaditems>2</preloaditems>
			<itemlayout condition="!Container.Content(Movies) + !Container.Content(Seasons)" height="160" width="180">
				<control type="image">
					<posx>1</posx>
					<posy>1</posy>
					<width>178</width>
					<height>158</height>
					<texture border="10">thumb-nofocus.png</texture>
				</control>
				<control type="image">
					<posx>6</posx>
					<posy>6</posy>
					<width>168</width>
					<height>128</height>
					<texture background="true">$INFO[Listitem.Icon]</texture>
					<bordertexture>black-back.png</bordertexture>
					<bordersize>1</bordersize>
				</control>
				<control type="label">
					<posx>90</posx>
					<posy>130</posy>
					<width>168</width>
					<height>25</height>
					<font>font10</font>
					<textcolor>grey2</textcolor>
					<selectedcolor>orange</selectedcolor>
					<align>center</align>
					<aligny>center</aligny>
					<info>ListItem.Label</info>
				</control>
				<control type="image">
					<posx>150</posx>
					<posy>100</posy>
					<width>25</width>
					<height>25</height>
					<aspectratio>keep</aspectratio>
					<texture>$INFO[ListItem.Overlay]</texture>
				</control>
			</itemlayout>
			<focusedlayout condition="!Container.Content(Movies) + !Container.Content(Seasons)" height="160" width="180">
				<control type="image">
					<posx>1</posx>
					<posy>1</posy>
					<width>178</width>
					<height>158</height>
					<texture border="10">thumb-focus.png</texture>
				</control>
				<control type="image">
					<posx>6</posx>
					<posy>6</posy>
					<width>168</width>
					<height>128</height>
					<texture background="true">$INFO[Listitem.Icon]</texture>
					<bordertexture>black-back.png</bordertexture>
					<bordersize>1</bordersize>
				</control>
				<control type="label">
					<posx>90</posx>
					<posy>130</posy>
					<width>168</width>
					<height>25</height>
					<font>font10</font>
					<textcolor>black</textcolor>
					<selectedcolor>orange</selectedcolor>
					<align>center</align>
					<aligny>center</aligny>
					<info>ListItem.Label</info>
				</control>
				<control type="image">
					<posx>150</posx>
					<posy>100</posy>
					<width>25</width>
					<height>25</height>
					<aspectratio>keep</aspectratio>
					<texture>$INFO[ListItem.Overlay]</texture>
				</control>
			</focusedlayout>
			<itemlayout condition="Container.Content(Movies) | Container.Content(Seasons)" height="240" width="154">
				<control type="image">
					<posx>1</posx>
					<posy>1</posy>
					<width>152</width>
					<height>238</height>
					<aspectratio>stretch</aspectratio>
					<texture border="10">thumb-nofocus.png</texture>
				</control>
				<control type="image">
					<posx>6</posx>
					<posy>6</posy>
					<width>142</width>
					<height>200</height>
					<aspectratio>keep</aspectratio>
					<texture background="true">$INFO[Listitem.Icon]</texture>
					<bordertexture>black-back.png</bordertexture>
					<bordersize>1</bordersize>
				</control>
				<control type="label">
					<posx>77</posx>
					<posy>206</posy>
					<width>142</width>
					<height>25</height>
					<font>font10</font>
					<textcolor>grey2</textcolor>
					<selectedcolor>orange</selectedcolor>
					<align>center</align>
					<aligny>center</aligny>
					<info>ListItem.Label</info>
				</control>
				<control type="image">
					<posx>125</posx>
					<posy>180</posy>
					<width>25</width>
					<height>25</height>
					<aspectratio>keep</aspectratio>
					<texture>$INFO[ListItem.Overlay]</texture>
				</control>
			</itemlayout>
			<focusedlayout  condition="Container.Content(Movies) | Container.Content(Seasons)" height="240" width="154">
				<control type="image">
					<posx>1</posx>
					<posy>1</posy>
					<width>152</width>
					<height>238</height>
					<aspectratio>stretch</aspectratio>
					<texture border="10">thumb-focus.png</texture>
				</control>
				<control type="image">
					<posx>6</posx>
					<posy>6</posy>
					<width>142</width>
					<height>200</height>
					<aspectratio>keep</aspectratio>
					<texture background="true">$INFO[Listitem.Icon]</texture>
					<bordertexture>black-back.png</bordertexture>
					<bordersize>1</bordersize>
				</control>
				<control type="label">
					<posx>77</posx>
					<posy>206</posy>
					<width>142</width>
					<height>25</height>
					<font>font10</font>
					<textcolor>black</textcolor>
					<selectedcolor>orange</selectedcolor>
					<align>center</align>
					<aligny>center</aligny>
					<info>ListItem.Label</info>
				</control>
				<control type="image">
					<posx>125</posx>
					<posy>180</posy>
					<width>25</width>
					<height>25</height>
					<aspectratio>keep</aspectratio>
					<texture>$INFO[ListItem.Overlay]</texture>
				</control>
			</focusedlayout>
		</control>
	</include>
	<include name="WideIconView">
		<control type="panel" id="53">
			<visible>!Container.Content(Addons)</visible>
			<posx>10</posx>
			<posy>-20</posy>
			<width>1040</width>
			<height>508</height>
			<onleft>9000</onleft>
			<onright>60</onright>
			<onup>53</onup>
			<ondown>53</ondown>
			<viewtype label="539">wide</viewtype>
			<pagecontrol>60</pagecontrol>
			<scrolltime>200</scrolltime>
			<preloaditems>2</preloaditems>
			<itemlayout height="127" width="520">
				<control type="image">
					<posx>1</posx>
					<posy>1</posy>
					<width>518</width>
					<height>125</height>
					<texture border="10">wide-thumb-nofocus.png</texture>
				</control>
				<control type="image">
					<posx>10</posx>
					<posy>7</posy>
					<width>500</width>
					<height>95</height>
					<texture background="true">$INFO[Listitem.Icon]</texture>
					<bordertexture>black-back.png</bordertexture>
					<bordersize>1</bordersize>
				</control>
				<control type="label">
					<posx>20</posx>
					<posy>98</posy>
					<width>480</width>
					<height>20</height>
					<font>font10</font>
					<textcolor>white</textcolor>
					<selectedcolor>orange</selectedcolor>
					<align>left</align>
					<aligny>center</aligny>
					<info>ListItem.Label</info>
				</control>
				<control type="label">
					<posx>500</posx>
					<posy>98</posy>
					<width>480</width>
					<height>20</height>
					<font>font10</font>
					<textcolor>white</textcolor>
					<selectedcolor>orange</selectedcolor>
					<align>right</align>
					<aligny>center</aligny>
					<info>ListItem.Label2</info>
				</control>
				<control type="image">
					<posx>485</posx>
					<posy>75</posy>
					<width>25</width>
					<height>25</height>
					<aspectratio>keep</aspectratio>
					<texture>$INFO[ListItem.Overlay]</texture>
				</control>
			</itemlayout>
			<focusedlayout height="140" width="520">
				<control type="image">
					<posx>1</posx>
					<posy>1</posy>
					<width>518</width>
					<height>125</height>
					<texture border="10">wide-thumb-focus.png</texture>
				</control>
				<control type="image">
					<posx>10</posx>
					<posy>7</posy>
					<width>500</width>
					<height>95</height>
					<texture background="true">$INFO[Listitem.Icon]</texture>
					<bordertexture>black-back.png</bordertexture>
					<bordersize>1</bordersize>
				</control>
				<control type="label">
					<posx>20</posx>
					<posy>98</posy>
					<width>480</width>
					<height>20</height>
					<font>font10</font>
					<textcolor>black</textcolor>
					<selectedcolor>orange</selectedcolor>
					<align>left</align>
					<aligny>center</aligny>
					<info>ListItem.Label</info>
				</control>
				<control type="label">
					<posx>500</posx>
					<posy>98</posy>
					<width>480</width>
					<height>20</height>
					<font>font10</font>
					<textcolor>black</textcolor>
					<selectedcolor>orange</selectedcolor>
					<align>right</align>
					<aligny>center</aligny>
					<info>ListItem.Label2</info>
				</control>
				<control type="image">
					<posx>485</posx>
					<posy>75</posy>
					<width>25</width>
					<height>25</height>
					<aspectratio>keep</aspectratio>
					<texture>$INFO[ListItem.Overlay]</texture>
				</control>
			</focusedlayout>
		</control>
	</include>
	<include name="PosterWrapView">
		<control type="group">
			<posx>0</posx>
			<posy>-35</posy>
			<visible>Control.IsVisible(54)</visible>
			<control type="label">
				<posx>0</posx>
				<posy>10</posy>
				<width>1060</width>
				<height>20</height>
				<font>font16</font>
				<textcolor>grey</textcolor>
				<align>left</align>
				<aligny>center</aligny>
				<label>$INFO[ListItem.Label]</label>
			</control>
			<control type="textbox" id="400">
				<description>textarea</description>
				<posx>0</posx>
				<posy>420</posy>
				<width>1060</width>
				<height>90</height>
				<font>font12</font>
				<label>$INFO[ListItem.Plot]</label>
				<textcolor>grey</textcolor>
				<align>justify</align>
				<pagecontrol>-</pagecontrol>
			</control>
		</control>
		<control type="fixedlist" id="54">
			<visible>!Container.Content(Addons)</visible>
			<posx>-35</posx>
			<posy>40</posy>
			<width>1160</width>
			<height>400</height>
			<onleft>54</onleft>
			<onright>54</onright>
			<onup>9000</onup>
			<ondown>60</ondown>
			<viewtype label="31250">bigicon</viewtype>
			<pagecontrol>60</pagecontrol>
			<scrolltime>200</scrolltime>
			<focusposition>1</focusposition>
			<orientation>horizontal</orientation>
			<preloaditems>2</preloaditems>
			<itemlayout height="310" width="218">
				<control type="image">
					<posx>0</posx>
					<posy>0</posy>
					<width>218</width>
					<height>310</height>
					<aspectratio>stretch</aspectratio>
					<bordertexture border="10">thumb-nofocus.png</bordertexture>
					<bordersize>10</bordersize>
					<texture background="true">$INFO[ListItem.Icon]</texture>
				</control>
				<control type="image">
					<posx>170</posx>
					<posy>265</posy>
					<width>35</width>
					<height>35</height>
					<aspectratio>keep</aspectratio>
					<texture>$INFO[ListItem.Overlay]</texture>
				</control>
			</itemlayout>
			<focusedlayout height="310" width="218">
				<control type="image">
					<posx>0</posx>
					<posy>0</posy>
					<width>218</width>
					<height>310</height>
					<aspectratio>stretch</aspectratio>
					<bordertexture border="10">thumb-focus.png</bordertexture>
					<bordersize>10</bordersize>
					<texture background="true">$INFO[ListItem.Icon]</texture>
					<animation reversible="false" effect="zoom" start="0,0,218,310" end="-30,-30,278,370" time="200">focus</animation>
					<animation reversible="false" effect="zoom" end="0,0,218,310" start="-30,-30,278,370" time="200">unfocus</animation>
				</control>
				<control type="image">
					<posx>170</posx>
					<posy>265</posy>
					<width>35</width>
					<height>35</height>
					<aspectratio>keep</aspectratio>
					<texture>$INFO[ListItem.Overlay]</texture>
					<animation effect="slide" start="0,0" end="30,30" time="200">Focus</animation>
					<animation effect="slide" end="0,0" start="30,30" time="200">UnFocus</animation>
				</control>
			</focusedlayout>
		</control>
	</include>
	<include name="ThumbnailInfoView">
		<control type="panel" id="55">
			<visible>![Window.IsVisible(VideoLibrary) + Container.Content(TVShows)]</visible>
			<posx>0</posx>
			<posy>0</posy>
			<width>720</width>
			<height>480</height>
			<onleft>9000</onleft>
			<onright>60</onright>
			<onup>55</onup>
			<ondown>55</ondown>
			<viewtype label="31251">icon</viewtype>
			<pagecontrol>60</pagecontrol>
			<scrolltime>200</scrolltime>
			<preloaditems>2</preloaditems>
			<itemlayout condition="!Container.Content(Movies) + !Container.Content(Seasons)" height="160" width="180">
				<control type="image">
					<posx>1</posx>
					<posy>1</posy>
					<width>178</width>
					<height>158</height>
					<texture border="10">thumb-nofocus.png</texture>
				</control>
				<control type="image">
					<posx>6</posx>
					<posy>6</posy>
					<width>168</width>
					<height>128</height>
					<texture background="true">$INFO[Listitem.Icon]</texture>
					<bordertexture>black-back.png</bordertexture>
					<bordersize>1</bordersize>
				</control>
				<control type="label">
					<posx>90</posx>
					<posy>130</posy>
					<width>168</width>
					<height>25</height>
					<font>font10</font>
					<textcolor>grey2</textcolor>
					<selectedcolor>orange</selectedcolor>
					<align>center</align>
					<aligny>center</aligny>
					<info>ListItem.Label</info>
				</control>
				<control type="image">
					<posx>150</posx>
					<posy>100</posy>
					<width>25</width>
					<height>25</height>
					<aspectratio>keep</aspectratio>
					<texture>$INFO[ListItem.Overlay]</texture>
				</control>
			</itemlayout>
			<focusedlayout condition="!Container.Content(Movies) + !Container.Content(Seasons)" height="160" width="180">
				<control type="image">
					<posx>1</posx>
					<posy>1</posy>
					<width>178</width>
					<height>158</height>
					<texture border="10">thumb-focus.png</texture>
				</control>
				<control type="image">
					<posx>6</posx>
					<posy>6</posy>
					<width>168</width>
					<height>128</height>
					<texture background="true">$INFO[Listitem.Icon]</texture>
					<bordertexture>black-back.png</bordertexture>
					<bordersize>1</bordersize>
				</control>
				<control type="label">
					<posx>90</posx>
					<posy>130</posy>
					<width>168</width>
					<height>25</height>
					<font>font10</font>
					<textcolor>black</textcolor>
					<selectedcolor>orange</selectedcolor>
					<align>center</align>
					<aligny>center</aligny>
					<info>ListItem.Label</info>
				</control>
				<control type="image">
					<posx>150</posx>
					<posy>100</posy>
					<width>25</width>
					<height>25</height>
					<aspectratio>keep</aspectratio>
					<texture>$INFO[ListItem.Overlay]</texture>
				</control>
			</focusedlayout>
			<itemlayout condition="Container.Content(Movies) | Container.Content(Seasons)" height="240" width="154">
				<control type="image">
					<posx>1</posx>
					<posy>1</posy>
					<width>152</width>
					<height>238</height>
					<aspectratio>stretch</aspectratio>
					<texture border="10">thumb-nofocus.png</texture>
				</control>
				<control type="image">
					<posx>6</posx>
					<posy>6</posy>
					<width>142</width>
					<height>200</height>
					<aspectratio>keep</aspectratio>
					<texture background="true">$INFO[Listitem.Icon]</texture>
					<bordertexture>black-back.png</bordertexture>
					<bordersize>1</bordersize>
				</control>
				<control type="label">
					<posx>77</posx>
					<posy>206</posy>
					<width>142</width>
					<height>25</height>
					<font>font10</font>
					<textcolor>grey2</textcolor>
					<selectedcolor>orange</selectedcolor>
					<align>center</align>
					<aligny>center</aligny>
					<info>ListItem.Label</info>
				</control>
				<control type="image">
					<posx>125</posx>
					<posy>180</posy>
					<width>25</width>
					<height>25</height>
					<aspectratio>keep</aspectratio>
					<texture>$INFO[ListItem.Overlay]</texture>
				</control>
			</itemlayout>
			<focusedlayout  condition="Container.Content(Movies) | Container.Content(Seasons)" height="240" width="154">
				<control type="image">
					<posx>1</posx>
					<posy>1</posy>
					<width>152</width>
					<height>238</height>
					<aspectratio>stretch</aspectratio>
					<texture border="10">thumb-focus.png</texture>
				</control>
				<control type="image">
					<posx>6</posx>
					<posy>6</posy>
					<width>142</width>
					<height>200</height>
					<aspectratio>keep</aspectratio>
					<texture background="true">$INFO[Listitem.Icon]</texture>
					<bordertexture>black-back.png</bordertexture>
					<bordersize>1</bordersize>
				</control>
				<control type="label">
					<posx>77</posx>
					<posy>206</posy>
					<width>142</width>
					<height>25</height>
					<font>font10</font>
					<textcolor>black</textcolor>
					<selectedcolor>orange</selectedcolor>
					<align>center</align>
					<aligny>center</aligny>
					<info>ListItem.Label</info>
				</control>
				<control type="image">
					<posx>125</posx>
					<posy>180</posy>
					<width>25</width>
					<height>25</height>
					<aspectratio>keep</aspectratio>
					<texture>$INFO[ListItem.Overlay]</texture>
				</control>
			</focusedlayout>
		</control>
		<control type="group">
			<posx>730</posx>
			<posy>10</posy>
			<visible>Control.IsVisible(55) + ![Container.Content(Movies) | Container.Content(Episodes) | Container.Content(Albums) | Container.Content(Artists) | Container.Content(Addons) | Container.Content(LiveTV)]</visible>
			<control type="fadelabel">
				<posx>0</posx>
				<posy>0</posy>
				<width>350</width>
				<height>20</height>
				<font>font16</font>
				<textcolor>orange</textcolor>
				<shadowcolor>black</shadowcolor>
				<align>left</align>
				<aligny>center</aligny>
				<label>$INFO[ListItem.Label]</label>
				<scrollout>false</scrollout>
				<pauseatend>2000</pauseatend>
			</control>
			<control type="textbox" id="400">
				<description>textarea</description>
				<posx>0</posx>
				<posy>40</posy>
				<width>350</width>
				<height>410</height>
				<font>font12</font>
				<label>$INFO[ListItem.Plot]</label>
				<textcolor>white</textcolor>
				<shadowcolor>black</shadowcolor>
				<align>justify</align>
				<pagecontrol>-</pagecontrol>
			</control>
		</control>
		<control type="group">
			<posx>645</posx>
			<posy>10</posy>
			<visible>Control.IsVisible(55) + Container.Content(Movies)</visible>
			<control type="fadelabel">
				<posx>0</posx>
				<posy>0</posy>
				<width>420</width>
				<height>20</height>
				<font>font16</font>
				<textcolor>orange</textcolor>
				<shadowcolor>black</shadowcolor>
				<align>left</align>
				<aligny>center</aligny>
				<label>$INFO[ListItem.Title][COLOR=grey]$INFO[ListItem.Year, (,)][/COLOR]</label>
				<scrollout>false</scrollout>
				<pauseatend>2000</pauseatend>
			</control>
			<control type="textbox" id="400">
				<description>textarea</description>
				<posx>0</posx>
				<posy>40</posy>
				<width>420</width>
				<height>410</height>
				<font>font12</font>
				<label>$INFO[ListItem.Plot]</label>
				<textcolor>white</textcolor>
				<shadowcolor>black</shadowcolor>
				<align>justify</align>
				<pagecontrol>-</pagecontrol>
			</control>
		</control>
		<control type="group">
			<posx>730</posx>
			<posy>10</posy>
			<visible>Control.IsVisible(55) + Container.Content(Episodes)</visible>
			<control type="fadelabel">
				<posx>0</posx>
				<posy>0</posy>
				<width>350</width>
				<height>20</height>
				<font>font13</font>
				<textcolor>white</textcolor>
				<shadowcolor>black</shadowcolor>
				<align>left</align>
				<aligny>center</aligny>
				<label>$INFO[ListItem.TVShowTitle] [COLOR=grey]($INFO[ListItem.Season]x$INFO[ListItem.Episode])[/COLOR]</label>
				<scrollout>false</scrollout>
				<pauseatend>2000</pauseatend>
			</control>
			<control type="fadelabel">
				<posx>0</posx>
				<posy>35</posy>
				<width>350</width>
				<height>20</height>
				<font>font16</font>
				<textcolor>orange</textcolor>
				<shadowcolor>black</shadowcolor>
				<align>left</align>
				<aligny>center</aligny>
				<label>$INFO[ListItem.Title]</label>
				<scrollout>false</scrollout>
				<pauseatend>2000</pauseatend>
			</control>
			<control type="textbox" id="400">
				<description>textarea</description>
				<posx>0</posx>
				<posy>70</posy>
				<width>350</width>
				<height>380</height>
				<font>font12</font>
				<label>$INFO[ListItem.Plot]</label>
				<textcolor>white</textcolor>
				<shadowcolor>black</shadowcolor>
				<align>justify</align>
				<pagecontrol>-</pagecontrol>
			</control>
		</control>
		<control type="group">
			<posx>730</posx>
			<posy>10</posy>
			<visible>Control.IsVisible(55) + Container.Content(Addons)</visible>
			<control type="fadelabel">
				<posx>0</posx>
				<posy>0</posy>
				<width>350</width>
				<height>20</height>
				<font>font16</font>
				<textcolor>orange</textcolor>
				<shadowcolor>black</shadowcolor>
				<align>left</align>
				<aligny>center</aligny>
				<label>$INFO[ListItem.Property(Plugin.Name)]</label>
				<scrollout>false</scrollout>
				<pauseatend>2000</pauseatend>
			</control>
			<control type="textbox" id="400">
				<description>textarea</description>
				<posx>0</posx>
				<posy>40</posy>
				<width>350</width>
				<height>410</height>
				<font>font12</font>
				<label>$INFO[ListItem.Property(Plugin.Description)]</label>
				<textcolor>white</textcolor>
				<shadowcolor>black</shadowcolor>
				<align>justify</align>
				<pagecontrol>-</pagecontrol>
			</control>
		</control>
		<control type="group">
			<posx>730</posx>
			<posy>10</posy>
			<visible>Control.IsVisible(55) + Container.Content(Albums)</visible>
			<control type="fadelabel">
				<posx>0</posx>
				<posy>0</posy>
				<width>350</width>
				<height>20</height>
				<font>font16</font>
				<textcolor>orange</textcolor>
				<shadowcolor>black</shadowcolor>
				<align>left</align>
				<aligny>center</aligny>
				<label>$INFO[ListItem.Album]</label>
				<scrollout>false</scrollout>
				<pauseatend>2000</pauseatend>
			</control>
			<control type="textbox" id="400">
				<description>textarea</description>
				<posx>0</posx>
				<posy>40</posy>
				<width>350</width>
				<height>410</height>
				<font>font12</font>
				<label>$INFO[ListItem.Property(Album_Description)]</label>
				<textcolor>white</textcolor>
				<shadowcolor>black</shadowcolor>
				<align>justify</align>
				<pagecontrol>-</pagecontrol>
			</control>
		</control>
		<control type="group">
			<posx>730</posx>
			<posy>10</posy>
			<visible>Control.IsVisible(55) + Container.Content(Artists)</visible>
			<control type="fadelabel">
				<posx>0</posx>
				<posy>0</posy>
				<width>350</width>
				<height>20</height>
				<font>font16</font>
				<textcolor>orange</textcolor>
				<shadowcolor>black</shadowcolor>
				<align>left</align>
				<aligny>center</aligny>
				<label>$INFO[ListItem.Artist]</label>
				<scrollout>false</scrollout>
				<pauseatend>2000</pauseatend>
			</control>
			<control type="textbox" id="400">
				<description>textarea</description>
				<posx>0</posx>
				<posy>40</posy>
				<width>350</width>
				<height>410</height>
				<font>font12</font>
				<label>$INFO[ListItem.Property(Artist_Description)]</label>
				<textcolor>white</textcolor>
				<shadowcolor>black</shadowcolor>
				<align>justify</align>
				<pagecontrol>-</pagecontrol>
			</control>
		</control>
		<control type="group">
			<posx>730</posx>
			<posy>10</posy>
			<visible>Control.IsVisible(55) + Container.Content(LiveTV)</visible>
			<control type="fadelabel">
				<posx>0</posx>
				<posy>0</posy>
				<width>350</width>
				<height>20</height>
				<font>font13</font>
				<textcolor>white</textcolor>
				<shadowcolor>black</shadowcolor>
				<align>left</align>
				<aligny>center</aligny>
				<label>$INFO[ListItem.Label]</label>
				<scrollout>false</scrollout>
				<pauseatend>2000</pauseatend>
			</control>
			<control type="fadelabel">
				<posx>0</posx>
				<posy>35</posy>
				<width>350</width>
				<height>20</height>
				<font>font16</font>
				<textcolor>orange</textcolor>
				<shadowcolor>black</shadowcolor>
				<align>left</align>
				<aligny>center</aligny>
				<label>$INFO[ListItem.Label2]</label>
				<scrollout>false</scrollout>
				<pauseatend>2000</pauseatend>
			</control>
			<control type="textbox" id="400">
				<description>textarea</description>
				<posx>0</posx>
				<posy>70</posy>
				<width>350</width>
				<height>380</height>
				<font>font12</font>
				<label>$INFO[ListItem.Plot]</label>
				<textcolor>white</textcolor>
				<shadowcolor>black</shadowcolor>
				<align>justify</align>
				<pagecontrol>-</pagecontrol>
			</control>
		</control>
	</include>
</includes>